,platform,name,appendix,version,major_version,release_datetime,release_year,deps_count,dir_deps_count,trans_deps_count,max_depth,own_vulns_count,dep_vulns_hist_count_with_test,dep_vulns_hist_count_wo_test,dep_vulns_count_with_test,dep_vulns_count_wo_test,dep_vulns_low_with_test,dep_vulns_low_wo_test,dep_vulns_medium_with_test,dep_vulns_medium_wo_test,dep_vulns_high_with_test,dep_vulns_high_wo_test,dep_vulns_critical_with_test,dep_vulns_critical_wo_test,dep_vulns_unknown_with_test,dep_vulns_unknown_wo_test
0,maven,activation:activation,B,1.0.2,1,2005-12-21 16:36:57.000,2005,0.0,0.0,0.0,0.0,0.0,0.0,0.0,0.0,0.0,0.0,0.0,0.0,0.0,0.0,0.0,0.0,0.0,0.0,0.0
1,maven,ant:ant,D,1.6.5,1,2010-10-15 14:48:25.000,2010,2.0,2.0,0.0,1.0,0.0,1.0,1.0,5.0,5.0,0.0,0.0,3.0,3.0,2.0,2.0,0.0,0.0,0.0,0.0
2,maven,antlr:antlr,B,2.7.7,2,2007-01-13 07:28:39.000,2007,0.0,0.0,0.0,0.0,0.0,0.0,0.0,0.0,0.0,0.0,0.0,0.0,0.0,0.0,0.0,0.0,0.0,0.0,0.0
3,maven,aopalliance:aopalliance,B,1.0,1,2015-12-28 06:25:33.000,2015,0.0,0.0,0.0,0.0,0.0,0.0,0.0,0.0,0.0,0.0,0.0,0.0,0.0,0.0,0.0,0.0,0.0,0.0,0.0
4,maven,asm:asm,D,3.3.1,3,2011-01-12 15:01:34.000,2011,0.0,0.0,0.0,0.0,0.0,0.0,0.0,0.0,0.0,0.0,0.0,0.0,0.0,0.0,0.0,0.0,0.0,0.0,0.0
5,maven,asm:asm-analysis,D,3.3.1,3,2011-01-12 15:02:19.000,2011,2.0,1.0,1.0,2.0,0.0,0.0,0.0,0.0,0.0,0.0,0.0,0.0,0.0,0.0,0.0,0.0,0.0,0.0,0.0
6,maven,asm:asm-commons,D,3.3.1,3,2011-01-12 15:02:41.000,2011,2.0,1.0,1.0,2.0,0.0,0.0,0.0,0.0,0.0,0.0,0.0,0.0,0.0,0.0,0.0,0.0,0.0,0.0,0.0
7,maven,asm:asm-tree,D,3.3.1,3,2011-01-12 15:03:34.000,2011,1.0,1.0,0.0,1.0,0.0,0.0,0.0,0.0,0.0,0.0,0.0,0.0,0.0,0.0,0.0,0.0,0.0,0.0,0.0
8,maven,asm:asm-util,D,3.3.1,3,2011-01-12 15:03:49.000,2011,2.0,1.0,1.0,2.0,0.0,0.0,0.0,0.0,0.0,0.0,0.0,0.0,0.0,0.0,0.0,0.0,0.0,0.0,0.0
9,maven,asm:asm-xml,D,3.3.1,3,2011-01-12 15:04:13.000,2011,3.0,1.0,2.0,3.0,0.0,0.0,0.0,0.0,0.0,0.0,0.0,0.0,0.0,0.0,0.0,0.0,0.0,0.0,0.0
10,maven,avalon-framework:avalon-framework,D,4.1.5,4,2015-12-28 07:34:34.000,2015,0.0,0.0,0.0,0.0,0.0,0.0,0.0,0.0,0.0,0.0,0.0,0.0,0.0,0.0,0.0,0.0,0.0,0.0,0.0
11,maven,ch.qos.logback:logback-access,B,1.4.4,1,2022-10-10 10:14:45.000,2022,37.0,14.0,23.0,3.0,0.0,0.0,0.0,0.0,0.0,0.0,0.0,0.0,0.0,0.0,0.0,0.0,0.0,0.0,0.0
12,maven,ch.qos.logback:logback-classic,B,1.4.4,1,2022-10-10 10:14:19.000,2022,31.0,19.0,12.0,3.0,0.0,0.0,0.0,0.0,0.0,0.0,0.0,0.0,0.0,0.0,0.0,0.0,0.0,0.0,0.0
13,maven,ch.qos.logback:logback-core,B,1.4.4,1,2022-10-10 10:13:40.000,2022,22.0,11.0,11.0,3.0,0.0,0.0,0.0,0.0,0.0,0.0,0.0,0.0,0.0,0.0,0.0,0.0,0.0,0.0,0.0
14,maven,clover:clover,D,1.3.12,1,2006-04-03 14:36:28.000,2006,0.0,0.0,0.0,0.0,0.0,0.0,0.0,0.0,0.0,0.0,0.0,0.0,0.0,0.0,0.0,0.0,0.0,0.0,0.0
15,maven,cobertura:cobertura,D,1.8,1,2006-08-06 15:33:55.000,2006,3.0,3.0,0.0,1.0,0.0,0.0,0.0,4.0,4.0,0.0,0.0,0.0,0.0,2.0,2.0,2.0,2.0,0.0,0.0
16,maven,com.alibaba:dubbo-remoting-netty,B,2.6.12,2,2021-12-29 12:18:13.000,2021,27.0,7.0,20.0,5.0,0.0,3.0,2.0,7.0,6.0,0.0,0.0,1.0,0.0,2.0,2.0,4.0,4.0,0.0,0.0
17,maven,com.amazonaws:aws-java-sdk,B,1.12.327,1,2022-10-24 22:56:00.000,2022,331.0,313.0,18.0,3.0,0.0,1.0,1.0,1.0,1.0,0.0,0.0,0.0,0.0,1.0,1.0,0.0,0.0,0.0,0.0
18,maven,com.amazonaws:aws-java-sdk-kms,B,1.12.327,1,2022-10-24 22:57:33.000,2022,33.0,3.0,30.0,4.0,0.0,3.0,1.0,3.0,1.0,1.0,0.0,1.0,0.0,1.0,1.0,0.0,0.0,0.0,0.0
19,maven,com.amazonaws:aws-java-sdk-s3,B,1.12.327,1,2022-10-24 22:56:57.000,2022,34.0,4.0,30.0,4.0,0.0,3.0,1.0,3.0,1.0,1.0,0.0,1.0,0.0,1.0,1.0,0.0,0.0,0.0,0.0
20,maven,com.beust:jcommander,D,1.82,1,2022-01-11 05:27:03.000,2022,0.0,0.0,0.0,0.0,0.0,0.0,0.0,0.0,0.0,0.0,0.0,0.0,0.0,0.0,0.0,0.0,0.0,0.0,0.0
21,maven,com.esotericsoftware:minlog,B,1.3.1,1,2018-12-28 23:36:52.000,2018,2.0,1.0,1.0,2.0,0.0,0.0,0.0,1.0,0.0,0.0,0.0,1.0,0.0,0.0,0.0,0.0,0.0,0.0,0.0
22,maven,com.fasterxml.jackson.core:jackson-annotations,B,2.13.4,2,2022-09-03 23:56:29.000,2022,2.0,1.0,1.0,2.0,0.0,0.0,0.0,0.0,0.0,0.0,0.0,0.0,0.0,0.0,0.0,0.0,0.0,0.0,0.0
23,maven,com.fasterxml.jackson.core:jackson-core,B,2.13.4,2,2022-09-04 00:06:44.000,2022,2.0,1.0,1.0,2.0,0.0,0.0,0.0,0.0,0.0,0.0,0.0,0.0,0.0,0.0,0.0,0.0,0.0,0.0,0.0
24,maven,com.fasterxml.jackson.core:jackson-databind,B,2.13.4.2,2,2022-10-13 19:33:39.000,2022,16.0,7.0,9.0,3.0,0.0,0.0,0.0,0.0,0.0,0.0,0.0,0.0,0.0,0.0,0.0,0.0,0.0,0.0,0.0
25,maven,com.fasterxml.jackson.dataformat:jackson-dataformat-cbor,B,2.13.4,2,2022-09-04 00:42:33.000,2022,5.0,4.0,1.0,2.0,0.0,0.0,0.0,1.0,1.0,0.0,0.0,0.0,0.0,1.0,1.0,0.0,0.0,0.0,0.0
26,maven,com.fasterxml.jackson.dataformat:jackson-dataformat-yaml,B,2.13.4,2,2022-09-04 00:45:12.000,2022,6.0,4.0,2.0,2.0,0.0,0.0,0.0,2.0,2.0,0.0,0.0,1.0,1.0,1.0,1.0,0.0,0.0,0.0,0.0
27,maven,com.fasterxml.jackson.datatype:jackson-datatype-jdk8,B,2.13.4,2,2022-09-04 00:35:57.000,2022,5.0,3.0,2.0,2.0,0.0,0.0,0.0,1.0,1.0,0.0,0.0,0.0,0.0,1.0,1.0,0.0,0.0,0.0,0.0
28,maven,com.fasterxml.jackson.datatype:jackson-datatype-jsr310,B,2.13.4,2,2022-09-04 00:35:50.000,2022,5.0,4.0,1.0,2.0,0.0,0.0,0.0,1.0,1.0,0.0,0.0,0.0,0.0,1.0,1.0,0.0,0.0,0.0,0.0
29,maven,com.fasterxml.jackson.module:jackson-module-jaxb-annotations,B,2.13.4,2,2022-09-04 00:33:50.000,2022,11.0,7.0,4.0,2.0,0.0,0.0,0.0,1.0,1.0,0.0,0.0,0.0,0.0,1.0,1.0,0.0,0.0,0.0,0.0
30,maven,com.fasterxml.jackson.module:jackson-module-parameter-names,D,2.13.4,2,2022-09-04 00:35:55.000,2022,8.0,5.0,3.0,2.0,0.0,0.0,0.0,1.0,1.0,0.0,0.0,0.0,0.0,1.0,1.0,0.0,0.0,0.0,0.0
31,maven,com.fasterxml:classmate,B,1.5.1,1,2019-10-20 00:47:07.000,2019,2.0,1.0,1.0,2.0,0.0,0.0,0.0,1.0,0.0,0.0,0.0,1.0,0.0,0.0,0.0,0.0,0.0,0.0,0.0
32,maven,com.force.api:force-wsc,B,56.1.0,56,2022-10-21 00:59:40.000,2022,11.0,7.0,4.0,2.0,0.0,0.0,0.0,0.0,0.0,0.0,0.0,0.0,0.0,0.0,0.0,0.0,0.0,0.0,0.0
33,maven,com.github.ben-manes.caffeine:caffeine,F,3.1.1,3,2022-05-26 20:43:40.000,2022,2.0,2.0,0.0,1.0,0.0,0.0,0.0,0.0,0.0,0.0,0.0,0.0,0.0,0.0,0.0,0.0,0.0,0.0,0.0
34,maven,com.github.stephenc.jcip:jcip-annotations,D,1.0-1,1,2013-02-13 11:57:33.000,2013,1.0,1.0,0.0,1.0,0.0,0.0,0.0,1.0,0.0,0.0,0.0,1.0,0.0,0.0,0.0,0.0,0.0,0.0,0.0
35,maven,com.google.android:annotations,B,4.1.1.4,4,2015-12-28 13:56:17.000,2015,0.0,0.0,0.0,0.0,0.0,0.0,0.0,0.0,0.0,0.0,0.0,0.0,0.0,0.0,0.0,0.0,0.0,0.0,0.0
36,maven,com.google.api.grpc:proto-google-common-protos,B,2.8.4,2,2022-10-10 20:47:39.000,2022,1.0,1.0,0.0,1.0,0.0,0.0,0.0,0.0,0.0,0.0,0.0,0.0,0.0,0.0,0.0,0.0,0.0,0.0,0.0
37,maven,com.google.cloud.sql:mysql-socket-factory-connector-j-6,B,1.2.1,1,2021-02-17 01:02:05.000,2021,48.0,7.0,41.0,5.0,0.0,2.0,2.0,5.0,5.0,0.0,0.0,2.0,2.0,3.0,3.0,0.0,0.0,0.0,0.0
38,maven,com.google.code.findbugs:annotations,D,3.0.1u2,3,2015-10-09 08:11:45.000,2015,2.0,2.0,0.0,1.0,0.0,0.0,0.0,0.0,0.0,0.0,0.0,0.0,0.0,0.0,0.0,0.0,0.0,0.0,0.0
39,maven,com.google.code.findbugs:bcel,D,2.0.2,2,2013-10-03 08:32:54.000,2013,0.0,0.0,0.0,0.0,0.0,0.0,0.0,0.0,0.0,0.0,0.0,0.0,0.0,0.0,0.0,0.0,0.0,0.0,0.0
40,maven,com.google.code.findbugs:jsr305,B,3.0.2,3,2017-03-31 06:55:48.000,2017,0.0,0.0,0.0,0.0,0.0,0.0,0.0,0.0,0.0,0.0,0.0,0.0,0.0,0.0,0.0,0.0,0.0,0.0,0.0
41,maven,com.google.code.gson:gson,B,2.9.1,2,2022-07-31 23:26:22.000,2022,2.0,1.0,1.0,2.0,0.0,0.0,0.0,0.0,0.0,0.0,0.0,0.0,0.0,0.0,0.0,0.0,0.0,0.0,0.0
42,maven,com.google.errorprone:error_prone_annotations,B,2.16,2,2022-10-11 17:20:43.000,2022,2.0,1.0,1.0,2.0,0.0,0.0,0.0,0.0,0.0,0.0,0.0,0.0,0.0,0.0,0.0,0.0,0.0,0.0,0.0
43,maven,com.google.guava:failureaccess,B,1.0.1,1,2018-11-19 18:57:27.000,2018,0.0,0.0,0.0,0.0,0.0,0.0,0.0,0.0,0.0,0.0,0.0,0.0,0.0,0.0,0.0,0.0,0.0,0.0,0.0
44,maven,com.google.guava:guava,B,31.1-jre,31,2022-02-28 22:18:58.000,2022,7.0,7.0,0.0,1.0,0.0,0.0,0.0,0.0,0.0,0.0,0.0,0.0,0.0,0.0,0.0,0.0,0.0,0.0,0.0
45,maven,com.google.guava:listenablefuture,B,9999.0-empty-to-avoid-conflict-with-guava,9999,2018-09-11 21:40:43.000,2018,0.0,0.0,0.0,0.0,0.0,0.0,0.0,0.0,0.0,0.0,0.0,0.0,0.0,0.0,0.0,0.0,0.0,0.0,0.0
46,maven,com.google.http-client:google-http-client-gson,B,1.42.2,1,2022-07-14 16:19:34.000,2022,19.0,3.0,16.0,3.0,0.0,0.0,0.0,0.0,0.0,0.0,0.0,0.0,0.0,0.0,0.0,0.0,0.0,0.0,0.0
47,maven,com.google.inject:guice,B,5.1.0,5,2022-01-24 23:06:17.000,2022,20.0,10.0,10.0,2.0,0.0,1.0,0.0,1.0,0.0,0.0,0.0,1.0,0.0,0.0,0.0,0.0,0.0,0.0,0.0
48,maven,com.google.j2objc:j2objc-annotations,B,1.3,1,2017-01-19 00:09:55.000,2017,0.0,0.0,0.0,0.0,0.0,0.0,0.0,0.0,0.0,0.0,0.0,0.0,0.0,0.0,0.0,0.0,0.0,0.0,0.0
49,maven,com.google.protobuf:protobuf-java,B,3.21.8,3,2022-10-18 21:48:20.000,2022,16.0,4.0,12.0,2.0,0.0,0.0,0.0,0.0,0.0,0.0,0.0,0.0,0.0,0.0,0.0,0.0,0.0,0.0,0.0
50,maven,com.googlecode.json-simple:json-simple,B,1.1.1,1,2012-03-21 06:11:34.000,2012,2.0,1.0,1.0,2.0,0.0,0.0,0.0,1.0,1.0,0.0,0.0,1.0,1.0,0.0,0.0,0.0,0.0,0.0,0.0
51,maven,com.h2database:h2,B,2.1.214,2,2022-06-14 20:50:20.000,2022,0.0,0.0,0.0,0.0,0.0,0.0,0.0,0.0,0.0,0.0,0.0,0.0,0.0,0.0,0.0,0.0,0.0,0.0,0.0
52,maven,com.helger:profiler,B,1.1.1,1,2019-07-21 17:17:31.000,2019,3.0,2.0,1.0,2.0,0.0,0.0,0.0,1.0,0.0,0.0,0.0,1.0,0.0,0.0,0.0,0.0,0.0,0.0,0.0
53,maven,com.ibm.icu:icu4j,D,72.1,72,2022-10-19 16:39:56.000,2022,0.0,0.0,0.0,0.0,0.0,0.0,0.0,0.0,0.0,0.0,0.0,0.0,0.0,0.0,0.0,0.0,0.0,0.0,0.0
54,maven,com.jayway.jsonpath:json-path,B,2.7.0,2,2022-01-30 15:35:28.000,2022,13.0,9.0,4.0,3.0,0.0,0.0,0.0,5.0,5.0,0.0,0.0,0.0,0.0,5.0,5.0,0.0,0.0,0.0,0.0
55,maven,com.lowagie:itext,B,4.2.1,4,2015-07-10 10:18:23.000,2015,0.0,0.0,0.0,0.0,0.0,0.0,0.0,0.0,0.0,0.0,0.0,0.0,0.0,0.0,0.0,0.0,0.0,0.0,0.0
56,maven,com.microsoftopentechnologies:windows-azure-storage-plugin,B,0.3.1,0,2014-09-13 00:32:13.000,2014,143.0,11.0,132.0,7.0,0.0,4.0,4.0,47.0,45.0,2.0,2.0,16.0,15.0,18.0,18.0,11.0,10.0,0.0,0.0
57,maven,com.netflix.archaius:archaius-core,B,0.7.7,0,2019-09-05 18:41:38.000,2019,9.0,7.0,2.0,2.0,0.0,15.0,15.0,49.0,49.0,1.0,1.0,3.0,3.0,25.0,25.0,19.0,19.0,1.0,1.0
58,maven,com.squareup.okhttp3:okhttp,B,4.10.0,4,2022-06-12 16:03:59.000,2022,6.0,2.0,4.0,3.0,0.0,0.0,0.0,0.0,0.0,0.0,0.0,0.0,0.0,0.0,0.0,0.0,0.0,0.0,0.0
59,maven,com.squareup.okio:okio,B,3.2.0,3,2022-06-27 05:20:36.000,2022,6.0,1.0,5.0,4.0,0.0,0.0,0.0,0.0,0.0,0.0,0.0,0.0,0.0,0.0,0.0,0.0,0.0,0.0,0.0
60,maven,com.squareup.retrofit2:converter-gson,B,2.9.0,2,2020-05-20 18:23:13.000,2020,8.0,5.0,3.0,3.0,0.0,0.0,0.0,2.0,1.0,0.0,0.0,1.0,0.0,1.0,1.0,0.0,0.0,0.0,0.0
61,maven,com.sun.activation:jakarta.activation,D,2.0.1,2,2021-02-12 09:23:51.000,2021,0.0,0.0,0.0,0.0,0.0,0.0,0.0,0.0,0.0,0.0,0.0,0.0,0.0,0.0,0.0,0.0,0.0,0.0,0.0
62,maven,com.sun.istack:istack-commons-runtime,B,4.1.1,4,2022-03-28 13:12:43.000,2022,3.0,2.0,1.0,2.0,0.0,0.0,0.0,0.0,0.0,0.0,0.0,0.0,0.0,0.0,0.0,0.0,0.0,0.0,0.0
63,maven,com.sun.jdmk:jmxtools,D,1.2.1,1,2006-03-17 04:27:22.000,2006,0.0,0.0,0.0,0.0,0.0,0.0,0.0,0.0,0.0,0.0,0.0,0.0,0.0,0.0,0.0,0.0,0.0,0.0,0.0
64,maven,com.sun.jmx:jmxri,D,1.2.1,1,2005-12-06 21:10:43.000,2005,0.0,0.0,0.0,0.0,0.0,0.0,0.0,0.0,0.0,0.0,0.0,0.0,0.0,0.0,0.0,0.0,0.0,0.0,0.0
65,maven,com.sun.mail:jakarta.mail,B,1.6.7,1,2021-04-08 10:36:16.000,2021,3.0,2.0,1.0,2.0,0.0,0.0,0.0,0.0,0.0,0.0,0.0,0.0,0.0,0.0,0.0,0.0,0.0,0.0,0.0
66,maven,com.sun.xml.bind:jaxb-impl,B,2.3.7,2,2022-10-18 11:07:00.000,2022,15.0,12.0,3.0,3.0,0.0,0.0,0.0,0.0,0.0,0.0,0.0,0.0,0.0,0.0,0.0,0.0,0.0,0.0,0.0
67,maven,com.thoughtworks.paranamer:paranamer,D,2.8,2,2015-08-26 13:29:28.000,2015,7.0,6.0,1.0,2.0,0.0,0.0,0.0,1.0,0.0,0.0,0.0,1.0,0.0,0.0,0.0,0.0,0.0,0.0,0.0
68,maven,com.typesafe.netty:netty-reactive-streams,B,2.0.7,2,2022-10-13 01:10:15.000,2022,15.0,4.0,11.0,2.0,0.0,0.0,0.0,0.0,0.0,0.0,0.0,0.0,0.0,0.0,0.0,0.0,0.0,0.0,0.0
69,maven,com.vaadin.external.google:android-json,D,0.0.20131108.vaadin1,0,2014-02-28 13:44:59.000,2014,0.0,0.0,0.0,0.0,0.0,0.0,0.0,0.0,0.0,0.0,0.0,0.0,0.0,0.0,0.0,0.0,0.0,0.0,0.0
70,maven,com.vackosar.gitflowincrementalbuilder:gitflow-incremental-builder,B,4.0.0,4,2022-02-21 12:21:28.000,2022,0.0,0.0,0.0,0.0,0.0,0.0,0.0,0.0,0.0,0.0,0.0,0.0,0.0,0.0,0.0,0.0,0.0,0.0,0.0
71,maven,com.webcohesion.enunciate:enunciate-lombok,B,2.14.0,2,2022-03-21 20:35:30.000,2022,84.0,3.0,81.0,6.0,0.0,7.0,7.0,8.0,8.0,1.0,1.0,6.0,6.0,1.0,1.0,0.0,0.0,0.0,0.0
72,maven,commons-beanutils:commons-beanutils,B,1.9.4,1,2019-07-29 00:16:54.000,2019,5.0,4.0,1.0,2.0,0.0,0.0,0.0,1.0,0.0,0.0,0.0,1.0,0.0,0.0,0.0,0.0,0.0,0.0,0.0
73,maven,commons-cli:commons-cli,B,1.5.0,1,2021-10-23 23:48:03.000,2021,2.0,1.0,1.0,2.0,0.0,0.0,0.0,0.0,0.0,0.0,0.0,0.0,0.0,0.0,0.0,0.0,0.0,0.0,0.0
74,maven,commons-codec:commons-codec,B,1.15,1,2020-08-28 14:02:55.000,2020,3.0,2.0,1.0,2.0,0.0,0.0,0.0,1.0,0.0,0.0,0.0,1.0,0.0,0.0,0.0,0.0,0.0,0.0,0.0
75,maven,commons-collections:commons-collections,B,3.2.2,3,2015-11-13 00:11:26.000,2015,1.0,1.0,0.0,1.0,0.0,0.0,0.0,0.0,0.0,0.0,0.0,0.0,0.0,0.0,0.0,0.0,0.0,0.0,0.0
76,maven,commons-configuration:commons-configuration,B,1.10,1,2013-10-24 10:22:14.000,2013,36.0,27.0,9.0,3.0,0.0,2.0,0.0,21.0,14.0,0.0,0.0,9.0,5.0,7.0,5.0,5.0,4.0,0.0,0.0
77,maven,commons-dbcp:commons-dbcp,F,1.4,1,2010-02-07 18:56:26.000,2010,27.0,7.0,20.0,5.0,0.0,0.0,0.0,4.0,0.0,0.0,0.0,0.0,0.0,2.0,0.0,2.0,0.0,0.0,0.0
78,maven,commons-digester:commons-digester,D,2.1,2,2010-09-24 13:02:18.000,2010,3.0,3.0,0.0,1.0,0.0,0.0,0.0,3.0,2.0,0.0,0.0,1.0,0.0,2.0,2.0,0.0,0.0,0.0,0.0
79,maven,commons-fileupload:commons-fileupload,B,1.4,1,2018-12-24 08:07:08.000,2018,5.0,4.0,1.0,2.0,0.0,0.0,0.0,2.0,1.0,0.0,0.0,2.0,1.0,0.0,0.0,0.0,0.0,0.0,0.0
80,maven,commons-httpclient:commons-httpclient,F,3.1,3,2007-08-21 15:44:07.000,2007,2.0,2.0,0.0,1.0,0.0,0.0,0.0,0.0,0.0,0.0,0.0,0.0,0.0,0.0,0.0,0.0,0.0,0.0,0.0
81,maven,commons-io:commons-io,B,2.11.0,2,2021-07-10 03:43:00.000,2021,28.0,7.0,21.0,3.0,0.0,0.0,0.0,0.0,0.0,0.0,0.0,0.0,0.0,0.0,0.0,0.0,0.0,0.0,0.0
82,maven,commons-jelly:commons-jelly,D,1.0.1,1,2017-09-20 14:42:47.000,2017,27.0,15.0,12.0,3.0,0.0,4.0,4.0,11.0,11.0,0.0,0.0,3.0,3.0,7.0,7.0,1.0,1.0,0.0,0.0
83,maven,commons-jelly:commons-jelly-tags-junit,D,20040902.070920,20040902,2005-11-08 23:14:41.000,2005,5.0,3.0,2.0,2.0,0.0,0.0,0.0,0.0,0.0,0.0,0.0,0.0,0.0,0.0,0.0,0.0,0.0,0.0,0.0
84,maven,commons-jelly:commons-jelly-tags-log,D,20040902.071410,20040902,2005-11-08 23:14:38.000,2005,2.0,2.0,0.0,1.0,0.0,0.0,0.0,0.0,0.0,0.0,0.0,0.0,0.0,0.0,0.0,0.0,0.0,0.0,0.0
85,maven,commons-lang:commons-lang,B,2.6,2,2011-01-16 23:21:47.000,2011,1.0,1.0,0.0,1.0,0.0,0.0,0.0,0.0,0.0,0.0,0.0,0.0,0.0,0.0,0.0,0.0,0.0,0.0,0.0
86,maven,commons-logging:commons-logging,B,1.2,1,2014-07-05 20:12:28.000,2014,5.0,5.0,0.0,1.0,0.0,0.0,0.0,4.0,4.0,0.0,0.0,0.0,0.0,2.0,2.0,2.0,2.0,0.0,0.0
87,maven,commons-validator:commons-validator,B,1.7,1,2020-08-03 18:52:11.000,2020,8.0,7.0,1.0,2.0,0.0,0.0,0.0,1.0,0.0,0.0,0.0,1.0,0.0,0.0,0.0,0.0,0.0,0.0,0.0
88,maven,dk.brics.automaton:automaton,D,1.11-8,1,2011-12-04 16:04:57.000,2011,0.0,0.0,0.0,0.0,0.0,0.0,0.0,0.0,0.0,0.0,0.0,0.0,0.0,0.0,0.0,0.0,0.0,0.0,0.0
89,maven,dom4j:dom4j,B,1.6,1,2006-02-10 13:33:22.000,2006,18.0,12.0,6.0,3.0,2.0,0.0,0.0,9.0,2.0,0.0,0.0,3.0,0.0,5.0,1.0,1.0,1.0,0.0,0.0
90,maven,edu.washington.cs.types.checker:checker-framework,B,1.7.5,1,2014-03-31 02:03:37.000,2014,0.0,0.0,0.0,0.0,0.0,0.0,0.0,0.0,0.0,0.0,0.0,0.0,0.0,0.0,0.0,0.0,0.0,0.0,0.0
91,maven,groovy:groovy-all-1.0-jsr,B,05,05,2007-10-27 03:42:38.000,2007,0.0,0.0,0.0,0.0,0.0,0.0,0.0,0.0,0.0,0.0,0.0,0.0,0.0,0.0,0.0,0.0,0.0,0.0,0.0
92,maven,icu4j:icu4j,D,2.6.1,2,2005-11-03 22:39:12.000,2005,0.0,0.0,0.0,0.0,0.0,0.0,0.0,0.0,0.0,0.0,0.0,0.0,0.0,0.0,0.0,0.0,0.0,0.0,0.0
93,maven,io.dropwizard:dropwizard-hibernate,B,2.1.4,2,2022-10-21 09:42:58.000,2022,136.0,35.0,101.0,4.0,0.0,1.0,0.0,1.0,0.0,0.0,0.0,1.0,0.0,0.0,0.0,0.0,0.0,0.0,0.0
94,maven,io.github.java-diff-utils:java-diff-utils,B,4.12,4,2022-07-23 01:37:56.000,2022,9.0,2.0,7.0,3.0,0.0,0.0,0.0,0.0,0.0,0.0,0.0,0.0,0.0,0.0,0.0,0.0,0.0,0.0,0.0
95,maven,io.micrometer:micrometer-core,F,1.9.5,1,2022-10-10 19:46:42.000,2022,86.0,26.0,60.0,4.0,0.0,4.0,4.0,4.0,4.0,1.0,1.0,0.0,0.0,3.0,3.0,0.0,0.0,0.0,0.0
96,maven,io.netty:netty-buffer,B,4.1.84.Final,4,2022-10-12 03:01:31.000,2022,34.0,9.0,25.0,4.0,0.0,2.0,0.0,2.0,0.0,1.0,0.0,1.0,0.0,0.0,0.0,0.0,0.0,0.0,0.0
97,maven,io.netty:netty-codec,B,4.1.84.Final,4,2022-10-12 03:03:04.000,2022,57.0,29.0,28.0,4.0,0.0,3.0,1.0,4.0,2.0,1.0,0.0,2.0,1.0,1.0,1.0,0.0,0.0,0.0,0.0
98,maven,io.netty:netty-common,B,4.1.84.Final,4,2022-10-12 03:01:45.000,2022,31.0,17.0,14.0,4.0,0.0,1.0,0.0,1.0,0.0,1.0,0.0,0.0,0.0,0.0,0.0,0.0,0.0,0.0,0.0
99,maven,io.netty:netty-handler,B,4.1.84.Final,4,2022-10-12 03:01:09.000,2022,57.0,24.0,33.0,4.0,0.0,2.0,0.0,2.0,0.0,1.0,0.0,1.0,0.0,0.0,0.0,0.0,0.0,0.0,0.0
100,maven,io.netty:netty-resolver,B,4.1.84.Final,4,2022-10-12 03:02:22.000,2022,34.0,9.0,25.0,4.0,0.0,2.0,0.0,2.0,0.0,1.0,0.0,1.0,0.0,0.0,0.0,0.0,0.0,0.0,0.0
101,maven,io.netty:netty-transport,B,4.1.84.Final,4,2022-10-12 03:02:58.000,2022,39.0,13.0,26.0,4.0,0.0,2.0,0.0,2.0,0.0,1.0,0.0,1.0,0.0,0.0,0.0,0.0,0.0,0.0,0.0
102,maven,io.perfmark:perfmark-api,B,0.25.0,0,2022-02-25 06:20:57.000,2022,0.0,0.0,0.0,0.0,0.0,0.0,0.0,0.0,0.0,0.0,0.0,0.0,0.0,0.0,0.0,0.0,0.0,0.0,0.0
103,maven,io.projectreactor.netty:reactor-netty,B,1.0.24,1,2022-10-11 12:11:31.000,2022,31.0,4.0,27.0,6.0,0.0,0.0,0.0,0.0,0.0,0.0,0.0,0.0,0.0,0.0,0.0,0.0,0.0,0.0,0.0
104,maven,io.reactivex:rxjava,B,1.3.8,1,2018-03-31 17:36:57.000,2018,0.0,0.0,0.0,0.0,0.0,0.0,0.0,0.0,0.0,0.0,0.0,0.0,0.0,0.0,0.0,0.0,0.0,0.0,0.0
105,maven,io.reactivex:rxjava-reactive-streams,B,1.2.1,1,2016-11-15 14:37:20.000,2016,2.0,2.0,0.0,1.0,0.0,0.0,0.0,0.0,0.0,0.0,0.0,0.0,0.0,0.0,0.0,0.0,0.0,0.0,0.0
106,maven,io.springfox:springfox-core,D,3.0.0,3,2020-07-14 05:13:50.000,2020,11.0,5.0,6.0,4.0,0.0,0.0,0.0,8.0,8.0,0.0,0.0,6.0,6.0,1.0,1.0,1.0,1.0,0.0,0.0
107,maven,io.springfox:springfox-schema,D,3.0.0,3,2020-07-14 05:13:39.000,2020,13.0,2.0,11.0,5.0,0.0,0.0,0.0,8.0,8.0,0.0,0.0,6.0,6.0,1.0,1.0,1.0,1.0,0.0,0.0
108,maven,io.springfox:springfox-spi,D,3.0.0,3,2020-07-14 05:13:42.000,2020,12.0,1.0,11.0,5.0,0.0,0.0,0.0,8.0,8.0,0.0,0.0,6.0,6.0,1.0,1.0,1.0,1.0,0.0,0.0
109,maven,io.springfox:springfox-spring-web,D,3.0.0,3,2020-07-14 05:13:40.000,2020,15.0,8.0,7.0,4.0,0.0,0.0,0.0,8.0,8.0,0.0,0.0,6.0,6.0,1.0,1.0,1.0,1.0,0.0,0.0
110,maven,io.springfox:springfox-swagger-common,D,3.0.0,3,2020-07-14 05:13:34.000,2020,21.0,11.0,10.0,4.0,0.0,0.0,0.0,8.0,8.0,0.0,0.0,6.0,6.0,1.0,1.0,1.0,1.0,0.0,0.0
111,maven,io.springfox:springfox-swagger-ui,B,3.0.0,3,2020-07-14 05:13:49.000,2020,17.0,1.0,16.0,5.0,0.0,0.0,0.0,8.0,8.0,0.0,0.0,6.0,6.0,1.0,1.0,1.0,1.0,0.0,0.0
112,maven,io.springfox:springfox-swagger2,B,3.0.0,3,2020-07-14 05:13:48.000,2020,24.0,13.0,11.0,4.0,0.0,0.0,0.0,8.0,8.0,0.0,0.0,6.0,6.0,1.0,1.0,1.0,1.0,0.0,0.0
113,maven,io.swagger:swagger-annotations,B,1.6.8,1,2022-10-16 12:30:53.000,2022,0.0,0.0,0.0,0.0,0.0,0.0,0.0,0.0,0.0,0.0,0.0,0.0,0.0,0.0,0.0,0.0,0.0,0.0,0.0
114,maven,io.swagger:swagger-models,D,1.6.8,1,2022-10-16 12:31:12.000,2022,18.0,9.0,9.0,3.0,0.0,0.0,0.0,0.0,0.0,0.0,0.0,0.0,0.0,0.0,0.0,0.0,0.0,0.0,0.0
115,maven,io.vavr:vavr,B,0.10.4,0,2021-07-14 15:36:35.000,2021,5.0,4.0,1.0,2.0,0.0,1.0,0.0,1.0,0.0,0.0,0.0,1.0,0.0,0.0,0.0,0.0,0.0,0.0,0.0
116,maven,io.vavr:vavr-match,B,0.10.4,0,2021-07-14 15:34:32.000,2021,0.0,0.0,0.0,0.0,0.0,0.0,0.0,0.0,0.0,0.0,0.0,0.0,0.0,0.0,0.0,0.0,0.0,0.0,0.0
117,maven,isorelax:isorelax,D,20030108,20030108,2005-11-08 22:54:40.000,2005,0.0,0.0,0.0,0.0,0.0,0.0,0.0,0.0,0.0,0.0,0.0,0.0,0.0,0.0,0.0,0.0,0.0,0.0,0.0
118,maven,jakarta.activation:jakarta.activation-api,B,2.1.0,2,2021-12-02 07:15:57.000,2021,0.0,0.0,0.0,0.0,0.0,0.0,0.0,0.0,0.0,0.0,0.0,0.0,0.0,0.0,0.0,0.0,0.0,0.0,0.0
119,maven,jakarta.annotation:jakarta.annotation-api,B,2.1.1,2,2022-06-14 13:30:18.000,2022,0.0,0.0,0.0,0.0,0.0,0.0,0.0,0.0,0.0,0.0,0.0,0.0,0.0,0.0,0.0,0.0,0.0,0.0,0.0
120,maven,jakarta.persistence:jakarta.persistence-api,H,3.1.0,3,2022-02-25 12:15:26.000,2022,0.0,0.0,0.0,0.0,0.0,0.0,0.0,0.0,0.0,0.0,0.0,0.0,0.0,0.0,0.0,0.0,0.0,0.0,0.0
121,maven,jakarta.servlet:jakarta.servlet-api,B,6.0.0,6,2022-05-12 09:19:33.000,2022,8.0,3.0,5.0,3.0,0.0,0.0,0.0,0.0,0.0,0.0,0.0,0.0,0.0,0.0,0.0,0.0,0.0,0.0,0.0
122,maven,jakarta.transaction:jakarta.transaction-api,D,2.0.1,2,2022-03-31 12:37:39.000,2022,5.0,2.0,3.0,2.0,0.0,0.0,0.0,0.0,0.0,0.0,0.0,0.0,0.0,0.0,0.0,0.0,0.0,0.0,0.0
123,maven,jakarta.validation:jakarta.validation-api,B,3.0.2,3,2022-05-26 20:01:39.000,2022,3.0,1.0,2.0,2.0,0.0,1.0,0.0,6.0,0.0,0.0,0.0,4.0,0.0,2.0,0.0,0.0,0.0,0.0,0.0
124,maven,jakarta.ws.rs:jakarta.ws.rs-api,B,3.1.0,3,2022-02-28 22:29:42.000,2022,16.0,6.0,10.0,3.0,0.0,0.0,0.0,0.0,0.0,0.0,0.0,0.0,0.0,0.0,0.0,0.0,0.0,0.0,0.0
125,maven,jakarta.xml.bind:jakarta.xml.bind-api,B,4.0.0,4,2022-03-15 14:24:29.000,2022,1.0,1.0,0.0,1.0,0.0,0.0,0.0,0.0,0.0,0.0,0.0,0.0,0.0,0.0,0.0,0.0,0.0,0.0,0.0
126,maven,javancss:ccl,D,29.50,29,2008-05-22 02:51:45.000,2008,0.0,0.0,0.0,0.0,0.0,0.0,0.0,0.0,0.0,0.0,0.0,0.0,0.0,0.0,0.0,0.0,0.0,0.0,0.0
127,maven,javancss:javancss,D,30.51,30,2009-05-09 22:03:04.000,2009,2.0,2.0,0.0,1.0,0.0,0.0,0.0,0.0,0.0,0.0,0.0,0.0,0.0,0.0,0.0,0.0,0.0,0.0,0.0
128,maven,javancss:jhbasic,D,29.50,29,2008-05-22 02:52:43.000,2008,0.0,0.0,0.0,0.0,0.0,0.0,0.0,0.0,0.0,0.0,0.0,0.0,0.0,0.0,0.0,0.0,0.0,0.0,0.0
129,maven,javax.activation:activation,B,1.1.1,1,2009-10-23 20:26:03.000,2009,0.0,0.0,0.0,0.0,0.0,0.0,0.0,0.0,0.0,0.0,0.0,0.0,0.0,0.0,0.0,0.0,0.0,0.0,0.0
130,maven,javax.activation:javax.activation-api,D,1.2.0,1,2017-09-07 01:13:19.000,2017,,,,,0.0,,,,,,,,,,,,,,
131,maven,javax.annotation:javax.annotation-api,B,1.3.2,1,2018-02-21 11:24:24.000,2018,0.0,0.0,0.0,0.0,0.0,0.0,0.0,0.0,0.0,0.0,0.0,0.0,0.0,0.0,0.0,0.0,0.0,0.0,0.0
132,maven,javax.annotation:jsr250-api,H,1.0,1,2007-05-15 22:25:59.000,2007,0.0,0.0,0.0,0.0,0.0,0.0,0.0,0.0,0.0,0.0,0.0,0.0,0.0,0.0,0.0,0.0,0.0,0.0,0.0
133,maven,javax.cache:cache-api,B,1.1.1,1,2019-05-10 08:07:47.000,2019,3.0,2.0,1.0,2.0,0.0,0.0,0.0,1.0,0.0,0.0,0.0,1.0,0.0,0.0,0.0,0.0,0.0,0.0,0.0
134,maven,javax.inject:javax.inject,B,1,1,2009-10-14 01:35:00.000,2009,0.0,0.0,0.0,0.0,0.0,0.0,0.0,0.0,0.0,0.0,0.0,0.0,0.0,0.0,0.0,0.0,0.0,0.0,0.0
135,maven,javax.jms:jms,D,1.1,1,2005-11-08 22:58:47.000,2005,0.0,0.0,0.0,0.0,0.0,0.0,0.0,0.0,0.0,0.0,0.0,0.0,0.0,0.0,0.0,0.0,0.0,0.0,0.0
136,maven,javax.mail:javax.mail-api,B,1.6.2,1,2018-08-30 00:31:11.000,2018,,,,,0.0,,,,,,,,,,,,,,
137,maven,javax.mail:mail,D,1.4.7,1,2013-03-09 02:38:18.000,2013,1.0,1.0,0.0,1.0,0.0,0.0,0.0,0.0,0.0,0.0,0.0,0.0,0.0,0.0,0.0,0.0,0.0,0.0,0.0
138,maven,javax.persistence:javax.persistence-api,F,2.2,2,2017-08-21 16:59:17.000,2017,0.0,0.0,0.0,0.0,0.0,0.0,0.0,0.0,0.0,0.0,0.0,0.0,0.0,0.0,0.0,0.0,0.0,0.0,0.0
139,maven,javax.servlet:javax.servlet-api,B,4.0.1,4,2018-04-20 09:19:20.000,2018,0.0,0.0,0.0,0.0,0.0,0.0,0.0,0.0,0.0,0.0,0.0,0.0,0.0,0.0,0.0,0.0,0.0,0.0,0.0
140,maven,javax.servlet:jstl,B,1.2,1,2011-06-23 19:20:02.000,2011,2.0,1.0,1.0,2.0,0.0,0.0,0.0,0.0,0.0,0.0,0.0,0.0,0.0,0.0,0.0,0.0,0.0,0.0,0.0
141,maven,javax.servlet:servlet-api,D,2.5,2,2006-07-17 13:09:57.000,2006,0.0,0.0,0.0,0.0,0.0,0.0,0.0,0.0,0.0,0.0,0.0,0.0,0.0,0.0,0.0,0.0,0.0,0.0,0.0
142,maven,javax.transaction:javax.transaction-api,F,1.3,1,2018-03-14 02:55:19.000,2018,4.0,1.0,3.0,2.0,0.0,0.0,0.0,0.0,0.0,0.0,0.0,0.0,0.0,0.0,0.0,0.0,0.0,0.0,0.0
143,maven,javax.validation:validation-api,B,2.0.1.Final,2,2017-12-19 17:23:41.000,2017,3.0,1.0,2.0,2.0,0.0,0.0,0.0,0.0,0.0,0.0,0.0,0.0,0.0,0.0,0.0,0.0,0.0,0.0,0.0
144,maven,javax.ws.rs:javax.ws.rs-api,B,2.1.1,2,2018-08-24 18:05:49.000,2018,2.0,1.0,1.0,2.0,0.0,0.0,0.0,1.0,0.0,0.0,0.0,1.0,0.0,0.0,0.0,0.0,0.0,0.0,0.0
145,maven,javax.xml.bind:jaxb-api,B,2.3.1,2,2018-09-12 15:28:52.000,2018,1.0,1.0,0.0,1.0,0.0,0.0,0.0,0.0,0.0,0.0,0.0,0.0,0.0,0.0,0.0,0.0,0.0,0.0,0.0
146,maven,javax.xml.stream:stax-api,H,1.0-2,1,2008-10-04 19:59:03.000,2008,0.0,0.0,0.0,0.0,0.0,0.0,0.0,0.0,0.0,0.0,0.0,0.0,0.0,0.0,0.0,0.0,0.0,0.0,0.0
147,maven,javax.xml:jsr173,B,1.0,1,2010-05-20 02:50:27.000,2010,0.0,0.0,0.0,0.0,0.0,0.0,0.0,0.0,0.0,0.0,0.0,0.0,0.0,0.0,0.0,0.0,0.0,0.0,0.0
148,maven,jaxen:jaxen,D,1.2.0,1,2019-04-15 01:48:01.000,2019,9.0,6.0,3.0,2.0,0.0,5.0,5.0,9.0,9.0,0.0,0.0,3.0,3.0,5.0,5.0,1.0,1.0,0.0,0.0
149,maven,jaxme:jaxme-api,D,0.3.1,0,2005-11-08 23:21:36.000,2005,0.0,0.0,0.0,0.0,0.0,0.0,0.0,0.0,0.0,0.0,0.0,0.0,0.0,0.0,0.0,0.0,0.0,0.0,0.0
150,maven,jdom:jdom,H,1.1,1,2008-09-26 20:33:16.000,2008,0.0,0.0,0.0,0.0,0.0,0.0,0.0,0.0,0.0,0.0,0.0,0.0,0.0,0.0,0.0,0.0,0.0,0.0,0.0
151,maven,joda-time:joda-time,B,2.12.0,2,2022-10-13 10:17:13.000,2022,2.0,2.0,0.0,1.0,0.0,0.0,0.0,0.0,0.0,0.0,0.0,0.0,0.0,0.0,0.0,0.0,0.0,0.0,0.0
152,maven,junit:junit,B,4.13.2,4,2021-02-13 17:31:54.000,2021,2.0,2.0,0.0,1.0,0.0,0.0,0.0,0.0,0.0,0.0,0.0,0.0,0.0,0.0,0.0,0.0,0.0,0.0,0.0
153,maven,junitperf:junitperf,D,1.8,1,2005-11-08 23:32:01.000,2005,0.0,0.0,0.0,0.0,0.0,0.0,0.0,0.0,0.0,0.0,0.0,0.0,0.0,0.0,0.0,0.0,0.0,0.0,0.0
154,maven,log4j:log4j,B,1.2.17,1,2012-05-26 11:43:39.000,2012,6.0,5.0,1.0,2.0,4.0,0.0,0.0,0.0,0.0,0.0,0.0,0.0,0.0,0.0,0.0,0.0,0.0,0.0,0.0
155,maven,logkit:logkit,D,1.3,1,2007-01-04 20:20:06.000,2007,0.0,0.0,0.0,0.0,0.0,0.0,0.0,0.0,0.0,0.0,0.0,0.0,0.0,0.0,0.0,0.0,0.0,0.0,0.0
156,maven,maven-plugins:maven-cobertura-plugin,D,1.0,1,2012-11-27 16:38:50.000,2012,,,,,0.0,,,,,,,,,,,,,,
157,maven,maven-plugins:maven-findbugs-plugin,D,1.1,1,2012-11-27 16:38:49.000,2012,0.0,0.0,0.0,0.0,0.0,0.0,0.0,0.0,0.0,0.0,0.0,0.0,0.0,0.0,0.0,0.0,0.0,0.0,0.0
158,maven,msv:msv,D,20050913,20050913,2005-11-08 23:21:20.000,2005,0.0,0.0,0.0,0.0,0.0,0.0,0.0,0.0,0.0,0.0,0.0,0.0,0.0,0.0,0.0,0.0,0.0,0.0,0.0
159,maven,msv:xsdlib,D,20050913,20050913,2005-11-08 23:21:20.000,2005,0.0,0.0,0.0,0.0,0.0,0.0,0.0,0.0,0.0,0.0,0.0,0.0,0.0,0.0,0.0,0.0,0.0,0.0,0.0
160,maven,mysql:mysql-connector-java,B,8.0.31,8,2022-09-03 23:54:30.000,2022,0.0,0.0,0.0,0.0,0.0,0.0,0.0,0.0,0.0,0.0,0.0,0.0,0.0,0.0,0.0,0.0,0.0,0.0,0.0
161,maven,net.bytebuddy:byte-buddy,B,1.12.18,1,2022-10-11 12:58:44.000,2022,4.0,4.0,0.0,1.0,0.0,0.0,0.0,0.0,0.0,0.0,0.0,0.0,0.0,0.0,0.0,0.0,0.0,0.0,0.0
162,maven,net.bytebuddy:byte-buddy-agent,B,1.12.18,1,2022-10-11 12:58:41.000,2022,9.0,7.0,2.0,2.0,0.0,0.0,0.0,0.0,0.0,0.0,0.0,0.0,0.0,0.0,0.0,0.0,0.0,0.0,0.0
163,maven,net.bytebuddy:byte-buddy-dep,B,1.12.18,1,2022-10-11 12:58:45.000,2022,14.0,11.0,3.0,2.0,0.0,0.0,0.0,0.0,0.0,0.0,0.0,0.0,0.0,0.0,0.0,0.0,0.0,0.0,0.0
164,maven,net.java.dev.jna:jna,B,5.12.1,5,2022-06-29 19:25:04.000,2022,0.0,0.0,0.0,0.0,0.0,0.0,0.0,0.0,0.0,0.0,0.0,0.0,0.0,0.0,0.0,0.0,0.0,0.0,0.0
165,maven,net.javacrumbs.json-unit:json-unit-fluent,B,2.36.0,2,2022-10-05 17:25:33.000,2022,4.0,2.0,2.0,3.0,0.0,0.0,0.0,0.0,0.0,0.0,0.0,0.0,0.0,0.0,0.0,0.0,0.0,0.0,0.0
166,maven,net.jcip:jcip-annotations,B,1.0,1,2008-08-14 08:48:05.000,2008,0.0,0.0,0.0,0.0,0.0,0.0,0.0,0.0,0.0,0.0,0.0,0.0,0.0,0.0,0.0,0.0,0.0,0.0,0.0
167,maven,net.jodah:typetools,B,0.6.3,0,2021-04-09 20:56:28.000,2021,3.0,1.0,2.0,2.0,0.0,0.0,0.0,0.0,0.0,0.0,0.0,0.0,0.0,0.0,0.0,0.0,0.0,0.0,0.0
168,maven,net.minidev:accessors-smart,B,2.4.8,2,2022-02-13 08:37:17.000,2022,5.0,2.0,3.0,2.0,0.0,0.0,0.0,0.0,0.0,0.0,0.0,0.0,0.0,0.0,0.0,0.0,0.0,0.0,0.0
169,maven,net.minidev:json-smart,B,2.4.8,2,2022-02-13 08:37:47.000,2022,7.0,3.0,4.0,2.0,0.0,0.0,0.0,0.0,0.0,0.0,0.0,0.0,0.0,0.0,0.0,0.0,0.0,0.0,0.0
170,maven,net.sf.jopt-simple:jopt-simple,D,5.0.4,5,2017-07-13 17:12:39.000,2017,10.0,5.0,5.0,2.0,0.0,0.0,0.0,6.0,0.0,0.0,0.0,5.0,0.0,1.0,0.0,0.0,0.0,0.0,0.0
171,maven,net.sourceforge.cobertura:cobertura,D,2.1.1,2,2015-02-26 23:26:07.000,2015,30.0,25.0,5.0,2.0,0.0,3.0,1.0,17.0,9.0,0.0,0.0,8.0,5.0,7.0,2.0,2.0,2.0,0.0,0.0
172,maven,org.apache.ant:ant-junit,D,1.10.12,1,2021-10-13 07:13:43.000,2021,9.0,5.0,4.0,2.0,0.0,0.0,0.0,2.0,0.0,0.0,0.0,1.0,0.0,1.0,0.0,0.0,0.0,0.0,0.0
173,maven,org.apache.camel:camel-snakeyaml,B,3.19.0,3,2022-09-29 14:19:38.000,2022,8.0,2.0,6.0,4.0,0.0,0.0,0.0,0.0,0.0,0.0,0.0,0.0,0.0,0.0,0.0,0.0,0.0,0.0,0.0
174,maven,org.apache.commons:commons-collections4,B,4.4,4,2019-07-05 20:10:18.000,2019,5.0,3.0,2.0,2.0,0.0,0.0,0.0,1.0,0.0,0.0,0.0,1.0,0.0,0.0,0.0,0.0,0.0,0.0,0.0
175,maven,org.apache.commons:commons-compress,B,1.21,1,2021-07-09 19:11:50.000,2021,42.0,16.0,26.0,4.0,0.0,0.0,0.0,0.0,0.0,0.0,0.0,0.0,0.0,0.0,0.0,0.0,0.0,0.0,0.0
176,maven,org.apache.commons:commons-digester3,B,3.2,3,2011-12-10 15:58:17.000,2011,6.0,4.0,2.0,2.0,0.0,0.0,0.0,3.0,2.0,0.0,0.0,1.0,0.0,2.0,2.0,0.0,0.0,0.0,0.0
177,maven,org.apache.commons:commons-exec,F,1.3,1,2014-11-03 01:27:15.000,2014,2.0,1.0,1.0,2.0,0.0,0.0,0.0,1.0,0.0,0.0,0.0,1.0,0.0,0.0,0.0,0.0,0.0,0.0,0.0
178,maven,org.apache.commons:commons-lang3,B,3.12.0,3,2021-02-26 21:40:52.000,2021,18.0,7.0,11.0,3.0,0.0,0.0,0.0,0.0,0.0,0.0,0.0,0.0,0.0,0.0,0.0,0.0,0.0,0.0,0.0
179,maven,org.apache.commons:commons-math3,B,3.6.1,3,2016-03-17 18:35:11.000,2016,2.0,1.0,1.0,2.0,0.0,0.0,0.0,1.0,0.0,0.0,0.0,1.0,0.0,0.0,0.0,0.0,0.0,0.0,0.0
180,maven,org.apache.commons:commons-pool2,B,2.11.1,2,2021-08-14 15:59:50.000,2021,21.0,4.0,17.0,5.0,0.0,1.0,0.0,2.0,0.0,0.0,0.0,2.0,0.0,0.0,0.0,0.0,0.0,0.0,0.0
181,maven,org.apache.commons:commons-text,B,1.10.0,1,2022-09-24 16:57:11.000,2022,28.0,10.0,18.0,3.0,0.0,0.0,0.0,0.0,0.0,0.0,0.0,0.0,0.0,0.0,0.0,0.0,0.0,0.0,0.0
182,maven,org.apache.flink:flink-connector-kafka-0.10_2.11,B,1.11.6,1,2021-12-15 00:44:02.000,2021,37.0,35.0,2.0,2.0,0.0,1.0,0.0,3.0,0.0,0.0,0.0,3.0,0.0,0.0,0.0,0.0,0.0,0.0,0.0
183,maven,org.apache.flink:flink-metrics-core,B,1.14.6,1,2022-09-10 10:47:41.000,2022,14.0,14.0,0.0,1.0,0.0,0.0,0.0,0.0,0.0,0.0,0.0,0.0,0.0,0.0,0.0,0.0,0.0,0.0,0.0
184,maven,org.apache.geronimo.specs:geronimo-jms_1.1_spec,D,1.1.1,1,2008-02-07 02:26:55.000,2008,4.0,4.0,0.0,1.0,0.0,0.0,0.0,0.0,0.0,0.0,0.0,0.0,0.0,0.0,0.0,0.0,0.0,0.0,0.0
185,maven,org.apache.geronimo.specs:geronimo-jta_1.1_spec,B,1.1.1,1,2008-02-07 02:26:54.000,2008,2.0,2.0,0.0,1.0,0.0,0.0,0.0,0.0,0.0,0.0,0.0,0.0,0.0,0.0,0.0,0.0,0.0,0.0,0.0
186,maven,org.apache.httpcomponents:httpclient,B,4.5.13,4,2020-10-03 16:47:41.000,2020,7.0,5.0,2.0,2.0,0.0,0.0,0.0,1.0,0.0,0.0,0.0,1.0,0.0,0.0,0.0,0.0,0.0,0.0,0.0
187,maven,org.apache.httpcomponents:httpcore,B,4.4.15,4,2021-12-03 09:33:25.000,2021,5.0,3.0,2.0,2.0,0.0,1.0,0.0,1.0,0.0,0.0,0.0,1.0,0.0,0.0,0.0,0.0,0.0,0.0,0.0
188,maven,org.apache.httpcomponents:httpmime,B,4.5.13,4,2020-10-03 16:47:58.000,2020,6.0,2.0,4.0,2.0,0.0,0.0,0.0,1.0,0.0,0.0,0.0,1.0,0.0,0.0,0.0,0.0,0.0,0.0,0.0
189,maven,org.apache.logging.log4j:log4j-api,B,2.19.0,2,2022-09-13 19:17:05.000,2022,63.0,14.0,49.0,4.0,0.0,1.0,0.0,2.0,0.0,1.0,0.0,0.0,0.0,1.0,0.0,0.0,0.0,0.0,0.0
190,maven,org.apache.logging.log4j:log4j-core,B,2.19.0,2,2022-09-13 19:18:16.000,2022,141.0,57.0,84.0,4.0,0.0,11.0,1.0,18.0,7.0,3.0,0.0,4.0,1.0,9.0,6.0,2.0,0.0,0.0,0.0
191,maven,org.apache.logging.log4j:log4j-to-slf4j,B,2.19.0,2,2022-09-13 19:19:25.000,2022,16.0,9.0,7.0,3.0,0.0,0.0,0.0,0.0,0.0,0.0,0.0,0.0,0.0,0.0,0.0,0.0,0.0,0.0,0.0
192,maven,org.apache.lucene:lucene-core,B,9.4.1,9,2022-10-24 08:10:45.000,2022,0.0,0.0,0.0,0.0,0.0,0.0,0.0,0.0,0.0,0.0,0.0,0.0,0.0,0.0,0.0,0.0,0.0,0.0,0.0
193,maven,org.apache.maven.plugin-tools:maven-plugin-annotations,F,3.6.4,3,2022-01-11 00:07:06.000,2022,0.0,0.0,0.0,0.0,0.0,0.0,0.0,0.0,0.0,0.0,0.0,0.0,0.0,0.0,0.0,0.0,0.0,0.0,0.0
194,maven,org.apache.maven.plugin-tools:maven-plugin-tools-api,B,3.6.4,3,2022-01-11 00:06:43.000,2022,37.0,8.0,29.0,4.0,0.0,9.0,2.0,9.0,2.0,1.0,1.0,3.0,1.0,5.0,0.0,0.0,0.0,0.0,0.0
195,maven,org.apache.maven:maven-aether-provider,B,3.3.9,3,2015-11-10 17:41:30.000,2015,30.0,17.0,13.0,3.0,0.0,0.0,0.0,3.0,2.0,1.0,1.0,2.0,1.0,0.0,0.0,0.0,0.0,0.0,0.0
196,maven,org.apache.maven:maven-archiver,B,3.6.0,3,2022-06-23 14:19:09.000,2022,44.0,7.0,37.0,3.0,0.0,2.0,2.0,2.0,2.0,1.0,1.0,1.0,1.0,0.0,0.0,0.0,0.0,0.0,0.0
197,maven,org.apache.maven:maven-artifact,B,3.8.6,3,2022-06-06 18:36:13.000,2022,4.0,3.0,1.0,2.0,0.0,0.0,0.0,0.0,0.0,0.0,0.0,0.0,0.0,0.0,0.0,0.0,0.0,0.0,0.0
198,maven,org.apache.maven:maven-core,B,3.8.6,3,2022-06-06 18:38:12.000,2022,43.0,28.0,15.0,3.0,0.0,2.0,2.0,8.0,2.0,1.0,1.0,6.0,1.0,0.0,0.0,1.0,0.0,0.0,0.0
199,maven,org.apache.maven:maven-model,B,3.8.6,3,2022-06-06 18:36:05.000,2022,3.0,2.0,1.0,2.0,0.0,0.0,0.0,0.0,0.0,0.0,0.0,0.0,0.0,0.0,0.0,0.0,0.0,0.0,0.0
200,maven,org.apache.maven:maven-plugin-registry,B,2.0.11,2,2010-02-12 06:54:35.000,2010,4.0,3.0,1.0,2.0,0.0,0.0,0.0,1.0,1.0,0.0,0.0,0.0,0.0,0.0,0.0,1.0,1.0,0.0,0.0
201,maven,org.apache.maven:maven-profile,B,2.0.11,2,2010-02-12 06:54:03.000,2010,5.0,4.0,1.0,2.0,0.0,0.0,0.0,1.0,1.0,0.0,0.0,0.0,0.0,0.0,0.0,1.0,1.0,0.0,0.0
202,maven,org.apache.struts:struts2-jfreechart-plugin,B,6.0.3,6,2022-09-02 14:45:43.000,2022,25.0,8.0,17.0,3.0,0.0,0.0,0.0,1.0,1.0,0.0,0.0,0.0,0.0,0.0,0.0,1.0,1.0,0.0,0.0
203,maven,org.apache.struts:struts2-spring-plugin,B,6.0.3,6,2022-09-02 14:45:07.000,2022,27.0,14.0,13.0,3.0,0.0,0.0,0.0,1.0,1.0,0.0,0.0,0.0,0.0,0.0,0.0,1.0,1.0,0.0,0.0
204,maven,org.apache.tomcat.embed:tomcat-embed-core,B,8.5.83,8,2022-10-03 23:45:05.000,2022,1.0,1.0,0.0,1.0,0.0,0.0,0.0,0.0,0.0,0.0,0.0,0.0,0.0,0.0,0.0,0.0,0.0,0.0,0.0
205,maven,org.apache.tomcat.embed:tomcat-embed-el,B,8.5.83,8,2022-10-03 23:45:25.000,2022,0.0,0.0,0.0,0.0,0.0,0.0,0.0,0.0,0.0,0.0,0.0,0.0,0.0,0.0,0.0,0.0,0.0,0.0,0.0
206,maven,org.apache.tomcat.embed:tomcat-embed-websocket,B,8.5.83,8,2022-10-03 23:45:30.000,2022,2.0,1.0,1.0,2.0,0.0,0.0,0.0,0.0,0.0,0.0,0.0,0.0,0.0,0.0,0.0,0.0,0.0,0.0,0.0
207,maven,org.apache.tomcat:tomcat-juli,D,8.5.83,8,2022-10-03 23:42:01.000,2022,0.0,0.0,0.0,0.0,0.0,0.0,0.0,0.0,0.0,0.0,0.0,0.0,0.0,0.0,0.0,0.0,0.0,0.0,0.0
208,maven,org.apache.tomcat:tomcat-util,D,8.5.83,8,2022-10-03 23:44:12.000,2022,1.0,1.0,0.0,1.0,0.0,0.0,0.0,0.0,0.0,0.0,0.0,0.0,0.0,0.0,0.0,0.0,0.0,0.0,0.0
209,maven,org.apiguardian:apiguardian-api,B,1.1.2,1,2021-06-27 14:53:35.000,2021,0.0,0.0,0.0,0.0,0.0,0.0,0.0,0.0,0.0,0.0,0.0,0.0,0.0,0.0,0.0,0.0,0.0,0.0,0.0
210,maven,org.aspectj:aspectjrt,B,1.9.9.1,1,2022-03-31 14:06:06.000,2022,0.0,0.0,0.0,0.0,0.0,0.0,0.0,0.0,0.0,0.0,0.0,0.0,0.0,0.0,0.0,0.0,0.0,0.0,0.0
211,maven,org.aspectj:aspectjweaver,B,1.9.9.1,1,2022-03-31 14:06:14.000,2022,0.0,0.0,0.0,0.0,0.0,0.0,0.0,0.0,0.0,0.0,0.0,0.0,0.0,0.0,0.0,0.0,0.0,0.0,0.0
212,maven,org.assertj:assertj-core,B,3.23.1,3,2022-05-31 19:22:12.000,2022,49.0,19.0,30.0,4.0,0.0,0.0,0.0,2.0,0.0,0.0,0.0,0.0,0.0,2.0,0.0,0.0,0.0,0.0,0.0
213,maven,org.bouncycastle:bcpkix-jdk15on,D,1.70,1,2021-12-01 04:38:39.000,2021,2.0,2.0,0.0,1.0,0.0,0.0,0.0,0.0,0.0,0.0,0.0,0.0,0.0,0.0,0.0,0.0,0.0,0.0,0.0
214,maven,org.bouncycastle:bcprov-jdk15on,B,1.70,1,2021-12-01 04:36:38.000,2021,0.0,0.0,0.0,0.0,0.0,0.0,0.0,0.0,0.0,0.0,0.0,0.0,0.0,0.0,0.0,0.0,0.0,0.0,0.0
215,maven,org.ccil.cowan.tagsoup:tagsoup,D,1.2.1,1,2011-08-22 19:05:03.000,2011,0.0,0.0,0.0,0.0,0.0,0.0,0.0,0.0,0.0,0.0,0.0,0.0,0.0,0.0,0.0,0.0,0.0,0.0,0.0
216,maven,org.checkerframework:checker-qual,B,3.26.0,3,2022-10-03 23:14:12.000,2022,0.0,0.0,0.0,0.0,0.0,0.0,0.0,0.0,0.0,0.0,0.0,0.0,0.0,0.0,0.0,0.0,0.0,0.0,0.0
217,maven,org.codehaus.jackson:jackson-core-asl,H,1.9.13,1,2013-07-15 05:07:30.000,2013,0.0,0.0,0.0,0.0,0.0,0.0,0.0,0.0,0.0,0.0,0.0,0.0,0.0,0.0,0.0,0.0,0.0,0.0,0.0
218,maven,org.codehaus.jackson:jackson-mapper-asl,F,1.9.13,1,2013-07-15 05:07:50.000,2013,1.0,1.0,0.0,1.0,1.0,0.0,0.0,0.0,0.0,0.0,0.0,0.0,0.0,0.0,0.0,0.0,0.0,0.0,0.0
219,maven,org.codehaus.mojo:animal-sniffer-annotations,B,1.22,1,2022-08-16 05:46:18.000,2022,0.0,0.0,0.0,0.0,0.0,0.0,0.0,0.0,0.0,0.0,0.0,0.0,0.0,0.0,0.0,0.0,0.0,0.0,0.0
220,maven,org.codehaus.plexus:plexus-archiver,B,4.5.0,4,2022-09-14 21:26:58.000,2022,28.0,16.0,12.0,3.0,0.0,0.0,0.0,0.0,0.0,0.0,0.0,0.0,0.0,0.0,0.0,0.0,0.0,0.0,0.0
221,maven,org.codehaus.plexus:plexus-classworlds,B,2.6.0,2,2018-12-28 20:21:23.000,2018,2.0,1.0,1.0,2.0,0.0,0.0,0.0,1.0,0.0,0.0,0.0,1.0,0.0,0.0,0.0,0.0,0.0,0.0,0.0
222,maven,org.codehaus.plexus:plexus-compiler-api,B,2.12.1,2,2022-07-18 11:32:44.000,2022,11.0,4.0,7.0,3.0,0.0,0.0,0.0,0.0,0.0,0.0,0.0,0.0,0.0,0.0,0.0,0.0,0.0,0.0,0.0
223,maven,org.codehaus.woodstox:stax2-api,D,4.2.1,4,2020-05-14 06:15:53.000,2020,0.0,0.0,0.0,0.0,0.0,0.0,0.0,0.0,0.0,0.0,0.0,0.0,0.0,0.0,0.0,0.0,0.0,0.0,0.0
224,maven,org.dom4j:dom4j,B,2.1.3,2,2020-04-12 12:15:10.000,2020,7.0,6.0,1.0,2.0,0.0,0.0,0.0,0.0,0.0,0.0,0.0,0.0,0.0,0.0,0.0,0.0,0.0,0.0,0.0
225,maven,org.easybatch:easybatch-opencsv,B,5.3.0,5,2020-01-14 00:49:18.000,2020,16.0,5.0,11.0,3.0,0.0,1.0,1.0,2.0,1.0,0.0,0.0,1.0,0.0,1.0,1.0,0.0,0.0,0.0,0.0
226,maven,org.eclipse.aether:aether-spi,B,1.1.0,1,2016-02-03 13:00:24.000,2016,4.0,3.0,1.0,2.0,0.0,0.0,0.0,1.0,0.0,0.0,0.0,1.0,0.0,0.0,0.0,0.0,0.0,0.0,0.0
227,maven,org.eclipse.jetty.toolchain.setuid:jetty-setuid-java,B,1.0.4,1,2020-02-26 21:49:15.000,2020,5.0,2.0,3.0,2.0,0.0,5.0,5.0,8.0,8.0,2.0,2.0,2.0,2.0,3.0,3.0,1.0,1.0,0.0,0.0
228,maven,org.eclipse.jetty:jetty-continuation,D,9.4.49.v20220914,9,2022-09-14 03:10:16.000,2022,11.0,3.0,8.0,3.0,0.0,0.0,0.0,0.0,0.0,0.0,0.0,0.0,0.0,0.0,0.0,0.0,0.0,0.0,0.0
229,maven,org.eclipse.jetty:jetty-http,D,11.0.12,11,2022-09-14 04:38:42.000,2022,14.0,6.0,8.0,3.0,0.0,0.0,0.0,0.0,0.0,0.0,0.0,0.0,0.0,0.0,0.0,0.0,0.0,0.0,0.0
230,maven,org.eclipse.jetty:jetty-io,D,11.0.12,11,2022-09-14 04:38:27.000,2022,14.0,6.0,8.0,3.0,0.0,0.0,0.0,0.0,0.0,0.0,0.0,0.0,0.0,0.0,0.0,0.0,0.0,0.0,0.0
231,maven,org.eclipse.jetty:jetty-jmx,D,11.0.12,11,2022-09-14 04:38:18.000,2022,14.0,6.0,8.0,3.0,0.0,0.0,0.0,0.0,0.0,0.0,0.0,0.0,0.0,0.0,0.0,0.0,0.0,0.0,0.0
232,maven,org.eclipse.jetty:jetty-security,B,11.0.12,11,2022-09-14 04:39:41.000,2022,18.0,6.0,12.0,3.0,0.0,0.0,0.0,0.0,0.0,0.0,0.0,0.0,0.0,0.0,0.0,0.0,0.0,0.0,0.0
233,maven,org.eclipse.jetty:jetty-server,B,11.0.12,11,2022-09-14 04:39:34.000,2022,20.0,11.0,9.0,3.0,0.0,0.0,0.0,0.0,0.0,0.0,0.0,0.0,0.0,0.0,0.0,0.0,0.0,0.0,0.0
234,maven,org.eclipse.jetty:jetty-servlet,D,11.0.12,11,2022-09-14 04:40:14.000,2022,23.0,9.0,14.0,3.0,0.0,0.0,0.0,0.0,0.0,0.0,0.0,0.0,0.0,0.0,0.0,0.0,0.0,0.0,0.0
235,maven,org.eclipse.jetty:jetty-util,B,11.0.12,11,2022-09-14 04:38:10.000,2022,15.0,6.0,9.0,3.0,0.0,0.0,0.0,0.0,0.0,0.0,0.0,0.0,0.0,0.0,0.0,0.0,0.0,0.0,0.0
236,maven,org.eclipse.jetty:jetty-webapp,D,11.0.12,11,2022-09-14 04:40:22.000,2022,23.0,8.0,15.0,4.0,0.0,0.0,0.0,0.0,0.0,0.0,0.0,0.0,0.0,0.0,0.0,0.0,0.0,0.0,0.0
237,maven,org.eclipse.jetty:jetty-xml,D,11.0.12,11,2022-09-14 04:39:10.000,2022,13.0,5.0,8.0,3.0,0.0,0.0,0.0,0.0,0.0,0.0,0.0,0.0,0.0,0.0,0.0,0.0,0.0,0.0,0.0
238,maven,org.ehcache:ehcache,B,3.8.2.1,3,2022-10-14 16:41:43.000,2022,9.0,3.0,6.0,2.0,0.0,0.0,0.0,0.0,0.0,0.0,0.0,0.0,0.0,0.0,0.0,0.0,0.0,0.0,0.0
239,maven,org.glassfish.hk2.external:aopalliance-repackaged,F,3.0.3,3,2022-03-04 15:49:49.000,2022,5.0,3.0,2.0,2.0,0.0,0.0,0.0,0.0,0.0,0.0,0.0,0.0,0.0,0.0,0.0,0.0,0.0,0.0,0.0
240,maven,org.glassfish.hk2.external:jakarta.inject,B,2.6.1,2,2019-08-23 19:36:35.000,2019,5.0,3.0,2.0,2.0,0.0,0.0,0.0,1.0,0.0,0.0,0.0,1.0,0.0,0.0,0.0,0.0,0.0,0.0,0.0
241,maven,org.glassfish.hk2:hk2-locator,B,3.0.3,3,2022-03-04 15:50:11.000,2022,10.0,8.0,2.0,2.0,0.0,0.0,0.0,0.0,0.0,0.0,0.0,0.0,0.0,0.0,0.0,0.0,0.0,0.0,0.0
242,maven,org.glassfish.hk2:hk2-utils,B,3.0.3,3,2022-03-04 15:50:15.000,2022,13.0,11.0,2.0,2.0,0.0,0.0,0.0,0.0,0.0,0.0,0.0,0.0,0.0,0.0,0.0,0.0,0.0,0.0,0.0
243,maven,org.glassfish.hk2:osgi-resource-locator,B,1.0.3,1,2019-01-03 13:15:26.000,2019,2.0,2.0,0.0,1.0,0.0,0.0,0.0,0.0,0.0,0.0,0.0,0.0,0.0,0.0,0.0,0.0,0.0,0.0,0.0
244,maven,org.glassfish.jaxb:jaxb-runtime,B,2.3.7,2,2022-10-18 11:06:36.000,2022,9.0,8.0,1.0,2.0,0.0,0.0,0.0,0.0,0.0,0.0,0.0,0.0,0.0,0.0,0.0,0.0,0.0,0.0,0.0
245,maven,org.glassfish.jaxb:txw2,D,2.3.7,2,2022-10-18 11:06:34.000,2022,0.0,0.0,0.0,0.0,0.0,0.0,0.0,0.0,0.0,0.0,0.0,0.0,0.0,0.0,0.0,0.0,0.0,0.0,0.0
246,maven,org.glassfish.jersey.media:jersey-media-json-jettison,B,2.37,2,2022-09-05 15:44:49.000,2022,17.0,6.0,11.0,3.0,0.0,0.0,0.0,2.0,2.0,0.0,0.0,0.0,0.0,2.0,2.0,0.0,0.0,0.0,0.0
247,maven,org.glassfish:jakarta.el,D,3.0.4,3,2021-08-25 14:45:55.000,2021,2.0,1.0,1.0,2.0,0.0,1.0,0.0,1.0,0.0,0.0,0.0,1.0,0.0,0.0,0.0,0.0,0.0,0.0,0.0
248,maven,org.hamcrest:hamcrest,D,2.2,2,2019-10-16 22:53:28.000,2019,0.0,0.0,0.0,0.0,0.0,0.0,0.0,0.0,0.0,0.0,0.0,0.0,0.0,0.0,0.0,0.0,0.0,0.0,0.0
249,maven,org.hamcrest:hamcrest-core,B,2.2,2,2019-10-16 22:52:39.000,2019,1.0,1.0,0.0,1.0,0.0,0.0,0.0,0.0,0.0,0.0,0.0,0.0,0.0,0.0,0.0,0.0,0.0,0.0,0.0
250,maven,org.hamcrest:hamcrest-library,H,2.2,2,2019-10-16 22:53:03.000,2019,2.0,1.0,1.0,2.0,0.0,0.0,0.0,0.0,0.0,0.0,0.0,0.0,0.0,0.0,0.0,0.0,0.0,0.0,0.0
251,maven,org.hibernate.javax.persistence:hibernate-jpa-2.1-api,F,1.0.2.Final,1,2018-01-23 17:56:07.000,2018,0.0,0.0,0.0,0.0,0.0,0.0,0.0,0.0,0.0,0.0,0.0,0.0,0.0,0.0,0.0,0.0,0.0,0.0,0.0
252,maven,org.hibernate.validator:hibernate-validator,B,6.2.5.Final,6,2022-09-12 16:20:29.000,2022,34.0,24.0,10.0,2.0,0.0,1.0,0.0,3.0,0.0,0.0,0.0,1.0,0.0,2.0,0.0,0.0,0.0,0.0,0.0
253,maven,org.hibernate:hibernate-commons-annotations,B,3.2.0.Final,3,2010-03-09 17:41:53.000,2010,7.0,6.0,1.0,2.0,0.0,0.0,0.0,4.0,0.0,0.0,0.0,0.0,0.0,2.0,0.0,2.0,0.0,0.0,0.0
254,maven,org.hibernate:hibernate-core,B,6.1.4.Final,6,2022-10-05 12:07:59.000,2022,0.0,0.0,0.0,0.0,0.0,0.0,0.0,0.0,0.0,0.0,0.0,0.0,0.0,0.0,0.0,0.0,0.0,0.0,0.0
255,maven,org.hibernate:hibernate-hikaricp,B,6.1.4.Final,6,2022-10-05 12:05:26.000,2022,0.0,0.0,0.0,0.0,0.0,0.0,0.0,0.0,0.0,0.0,0.0,0.0,0.0,0.0,0.0,0.0,0.0,0.0,0.0
256,maven,org.hibernate:hibernate-validator,B,6.2.5.Final,6,2022-09-12 16:20:29.000,2022,0.0,0.0,0.0,0.0,0.0,0.0,0.0,0.0,0.0,0.0,0.0,0.0,0.0,0.0,0.0,0.0,0.0,0.0,0.0
257,maven,org.jacoco:org.jacoco.agent,B,0.8.8,0,2022-04-05 09:20:27.000,2022,0.0,0.0,0.0,0.0,0.0,0.0,0.0,0.0,0.0,0.0,0.0,0.0,0.0,0.0,0.0,0.0,0.0,0.0,0.0
258,maven,org.jacoco:org.jacoco.ant,B,0.8.8,0,2022-04-05 09:20:43.000,2022,9.0,4.0,5.0,3.0,0.0,3.0,3.0,3.0,3.0,0.0,0.0,2.0,2.0,1.0,1.0,0.0,0.0,0.0,0.0
259,maven,org.jacoco:org.jacoco.core,F,0.8.8,0,2022-04-05 09:19:49.000,2022,4.0,3.0,1.0,2.0,0.0,0.0,0.0,0.0,0.0,0.0,0.0,0.0,0.0,0.0,0.0,0.0,0.0,0.0,0.0
260,maven,org.javassist:javassist,B,3.29.2-GA,3,2022-09-13 23:36:13.000,2022,4.0,3.0,1.0,2.0,0.0,0.0,0.0,0.0,0.0,0.0,0.0,0.0,0.0,0.0,0.0,0.0,0.0,0.0,0.0
261,maven,org.jboss.logging:jboss-logging,B,3.5.0.Final,3,2022-04-28 18:10:16.000,2022,16.0,7.0,9.0,3.0,0.0,5.0,4.0,5.0,4.0,0.0,0.0,1.0,0.0,2.0,2.0,2.0,2.0,0.0,0.0
262,maven,org.jboss.spec.javax.transaction:jboss-transaction-api_1.1_spec,B,1.0.1.Final,1,2012-03-17 17:49:51.000,2012,0.0,0.0,0.0,0.0,0.0,0.0,0.0,0.0,0.0,0.0,0.0,0.0,0.0,0.0,0.0,0.0,0.0,0.0,0.0
263,maven,org.jboss.spec.javax.transaction:jboss-transaction-api_1.2_spec,B,1.1.1.Final,1,2018-01-19 21:35:08.000,2018,5.0,2.0,3.0,2.0,0.0,0.0,0.0,0.0,0.0,0.0,0.0,0.0,0.0,0.0,0.0,0.0,0.0,0.0,0.0
264,maven,org.jboss:jandex,H,2.4.3.Final,2,2022-06-27 15:05:48.129,2022,6.0,4.0,2.0,2.0,0.0,0.0,0.0,0.0,0.0,0.0,0.0,0.0,0.0,0.0,0.0,0.0,0.0,0.0,0.0
265,maven,org.jclouds.driver:jclouds-jsch,B,1.6.0,1,2013-04-27 17:54:37.000,2013,30.0,12.0,18.0,3.0,0.0,0.0,0.0,13.0,4.0,1.0,1.0,7.0,2.0,3.0,1.0,2.0,0.0,0.0,0.0
266,maven,org.jetbrains.kotlin:kotlin-stdlib,B,1.7.20,1,2022-09-28 12:53:40.000,2022,2.0,2.0,0.0,1.0,0.0,0.0,0.0,0.0,0.0,0.0,0.0,0.0,0.0,0.0,0.0,0.0,0.0,0.0,0.0
267,maven,org.jetbrains.kotlin:kotlin-stdlib-common,D,1.7.20,1,2022-09-28 12:35:42.000,2022,0.0,0.0,0.0,0.0,0.0,0.0,0.0,0.0,0.0,0.0,0.0,0.0,0.0,0.0,0.0,0.0,0.0,0.0,0.0
268,maven,org.jetbrains:annotations,B,23.0.0,23,2021-11-10 11:39:30.000,2021,0.0,0.0,0.0,0.0,0.0,0.0,0.0,0.0,0.0,0.0,0.0,0.0,0.0,0.0,0.0,0.0,0.0,0.0,0.0
269,maven,org.json:json,B,20220924,20220924,2022-09-24 23:34:09.000,2022,9.0,3.0,6.0,4.0,0.0,1.0,0.0,1.0,0.0,0.0,0.0,0.0,0.0,0.0,0.0,1.0,0.0,0.0,0.0
270,maven,org.junit.jupiter:junit-jupiter,B,5.9.1,5,2022-09-20 20:34:31.000,2022,7.0,3.0,4.0,2.0,0.0,0.0,0.0,0.0,0.0,0.0,0.0,0.0,0.0,0.0,0.0,0.0,0.0,0.0,0.0
271,maven,org.junit.jupiter:junit-jupiter-api,B,5.9.1,5,2022-09-20 20:34:31.000,2022,3.0,3.0,0.0,1.0,0.0,0.0,0.0,0.0,0.0,0.0,0.0,0.0,0.0,0.0,0.0,0.0,0.0,0.0,0.0
272,maven,org.junit.jupiter:junit-jupiter-engine,B,5.9.1,5,2022-09-20 20:34:31.000,2022,5.0,3.0,2.0,2.0,0.0,0.0,0.0,0.0,0.0,0.0,0.0,0.0,0.0,0.0,0.0,0.0,0.0,0.0,0.0
273,maven,org.junit.jupiter:junit-jupiter-params,B,5.9.1,5,2022-09-20 20:34:31.000,2022,4.0,2.0,2.0,2.0,0.0,0.0,0.0,0.0,0.0,0.0,0.0,0.0,0.0,0.0,0.0,0.0,0.0,0.0,0.0
274,maven,org.junit.platform:junit-platform-commons,B,1.9.1,1,2022-09-20 20:34:31.000,2022,1.0,1.0,0.0,1.0,0.0,0.0,0.0,0.0,0.0,0.0,0.0,0.0,0.0,0.0,0.0,0.0,0.0,0.0,0.0
275,maven,org.junit.platform:junit-platform-engine,B,1.9.1,1,2022-09-20 20:34:35.000,2022,3.0,3.0,0.0,1.0,0.0,0.0,0.0,0.0,0.0,0.0,0.0,0.0,0.0,0.0,0.0,0.0,0.0,0.0,0.0
276,maven,org.jvnet.staxex:stax-ex,B,2.1.0,2,2022-02-17 13:10:32.000,2022,4.0,3.0,1.0,2.0,0.0,0.0,0.0,0.0,0.0,0.0,0.0,0.0,0.0,0.0,0.0,0.0,0.0,0.0,0.0
277,maven,org.kie.modules:org-apache-poi,B,6.5.0.Final,6,2016-10-18 18:15:09.000,2016,10.0,5.0,5.0,3.0,0.0,1.0,1.0,6.0,5.0,0.0,0.0,4.0,3.0,1.0,1.0,1.0,1.0,0.0,0.0
278,maven,org.kie.modules:org-apache-velocity-main,B,6.5.0.Final,6,2016-10-18 18:13:57.000,2016,5.0,3.0,2.0,2.0,0.0,0.0,0.0,1.0,0.0,0.0,0.0,1.0,0.0,0.0,0.0,0.0,0.0,0.0,0.0
279,maven,org.kie.modules:org-codehaus-woodstox-main,B,6.5.0.Final,6,2016-10-18 18:14:56.000,2016,11.0,9.0,2.0,2.0,0.0,0.0,0.0,1.0,0.0,0.0,0.0,1.0,0.0,0.0,0.0,0.0,0.0,0.0,0.0
280,maven,org.lz4:lz4-java,D,1.8.0,1,2021-06-19 08:31:34.000,2021,1.0,1.0,0.0,1.0,0.0,0.0,0.0,0.0,0.0,0.0,0.0,0.0,0.0,0.0,0.0,0.0,0.0,0.0,0.0
281,maven,org.mapstruct:mapstruct,D,1.5.3.Final,1,2022-10-07 20:15:03.000,2022,0.0,0.0,0.0,0.0,0.0,0.0,0.0,0.0,0.0,0.0,0.0,0.0,0.0,0.0,0.0,0.0,0.0,0.0,0.0
282,maven,org.mockito:mockito-core,B,4.8.1,4,2022-10-17 22:31:57.000,2022,3.0,3.0,0.0,1.0,0.0,0.0,0.0,0.0,0.0,0.0,0.0,0.0,0.0,0.0,0.0,0.0,0.0,0.0,0.0
283,maven,org.mockito:mockito-junit-jupiter,B,4.8.1,4,2022-10-17 22:32:03.000,2022,8.0,2.0,6.0,2.0,0.0,0.0,0.0,0.0,0.0,0.0,0.0,0.0,0.0,0.0,0.0,0.0,0.0,0.0,0.0
284,maven,org.mortbay.jetty:jetty-util,D,6.1.26,6,2010-11-10 22:38:10.000,2010,3.0,3.0,0.0,1.0,0.0,0.0,0.0,0.0,0.0,0.0,0.0,0.0,0.0,0.0,0.0,0.0,0.0,0.0,0.0
285,maven,org.mortbay.jetty:servlet-api-2.5,D,6.1H.14.1,6,2009-01-14 16:39:29.000,2009,0.0,0.0,0.0,0.0,0.0,0.0,0.0,0.0,0.0,0.0,0.0,0.0,0.0,0.0,0.0,0.0,0.0,0.0,0.0
286,maven,org.mybatis:mybatis-guice,B,3.17,3,2022-02-19 01:08:50.000,2022,59.0,30.0,29.0,3.0,0.0,0.0,0.0,1.0,0.0,0.0,0.0,0.0,0.0,0.0,0.0,1.0,0.0,0.0,0.0
287,maven,org.n52.arctic-sea:svalbard-xmlbeans,B,9.8.0,9,2022-09-06 16:02:39.000,2022,122.0,71.0,51.0,4.0,0.0,2.0,2.0,3.0,3.0,0.0,0.0,0.0,0.0,3.0,3.0,0.0,0.0,0.0,0.0
288,maven,org.nuiton.js:nuiton-js-angular-ui-bootstrap,B,0.11.0-2,0,2014-05-14 10:25:45.000,2014,14.0,3.0,11.0,3.0,0.0,0.0,0.0,2.0,0.0,0.0,0.0,2.0,0.0,0.0,0.0,0.0,0.0,0.0,0.0
289,maven,org.objenesis:objenesis,B,3.3,3,2022-08-01 00:30:11.000,2022,9.0,2.0,7.0,3.0,0.0,0.0,0.0,0.0,0.0,0.0,0.0,0.0,0.0,0.0,0.0,0.0,0.0,0.0,0.0
290,maven,org.opentest4j:opentest4j,B,1.2.0,1,2019-06-06 21:24:33.000,2019,0.0,0.0,0.0,0.0,0.0,0.0,0.0,0.0,0.0,0.0,0.0,0.0,0.0,0.0,0.0,0.0,0.0,0.0,0.0
291,maven,org.ow2.asm:asm,B,9.4,9,2022-10-02 09:17:11.826,2022,0.0,0.0,0.0,0.0,0.0,0.0,0.0,0.0,0.0,0.0,0.0,0.0,0.0,0.0,0.0,0.0,0.0,0.0,0.0
292,maven,org.ow2.asm:asm-analysis,D,9.4,9,2022-10-02 09:17:14.898,2022,2.0,1.0,1.0,2.0,0.0,0.0,0.0,0.0,0.0,0.0,0.0,0.0,0.0,0.0,0.0,0.0,0.0,0.0,0.0
293,maven,org.ow2.asm:asm-commons,B,9.4,9,2022-10-02 09:17:18.125,2022,2.0,2.0,0.0,1.0,0.0,0.0,0.0,0.0,0.0,0.0,0.0,0.0,0.0,0.0,0.0,0.0,0.0,0.0,0.0
294,maven,org.ow2.asm:asm-tree,D,9.4,9,2022-10-02 09:17:22.690,2022,1.0,1.0,0.0,1.0,0.0,0.0,0.0,0.0,0.0,0.0,0.0,0.0,0.0,0.0,0.0,0.0,0.0,0.0,0.0
295,maven,org.ow2.asm:asm-util,D,9.4,9,2022-10-02 09:17:25.939,2022,3.0,3.0,0.0,1.0,0.0,0.0,0.0,0.0,0.0,0.0,0.0,0.0,0.0,0.0,0.0,0.0,0.0,0.0,0.0
296,maven,org.powermock:powermock-classloading-objenesis,B,2.0.9,2,2020-11-01 21:40:54.000,2020,8.0,1.0,7.0,3.0,0.0,0.0,0.0,0.0,0.0,0.0,0.0,0.0,0.0,0.0,0.0,0.0,0.0,0.0,0.0
297,maven,org.projectlombok:lombok,B,1.18.24,1,2022-04-18 04:25:10.000,2022,0.0,0.0,0.0,0.0,0.0,0.0,0.0,0.0,0.0,0.0,0.0,0.0,0.0,0.0,0.0,0.0,0.0,0.0,0.0
298,maven,org.reactivestreams:reactive-streams,B,1.0.4,1,2022-05-22 22:41:08.000,2022,0.0,0.0,0.0,0.0,0.0,0.0,0.0,0.0,0.0,0.0,0.0,0.0,0.0,0.0,0.0,0.0,0.0,0.0,0.0
299,maven,org.reflections:reflections,D,0.10.2,0,2021-10-25 16:23:23.000,2021,16.0,10.0,6.0,3.0,0.0,0.0,0.0,1.0,1.0,0.0,0.0,0.0,0.0,1.0,1.0,0.0,0.0,0.0,0.0
300,maven,org.scala-lang:scala-compiler,B,2.13.10,2,2022-10-08 20:20:08.000,2022,5.0,5.0,0.0,1.0,0.0,0.0,0.0,0.0,0.0,0.0,0.0,0.0,0.0,0.0,0.0,0.0,0.0,0.0,0.0
301,maven,org.skyscreamer:jsonassert,B,1.5.1,1,2022-07-04 21:28:21.000,2022,3.0,2.0,1.0,2.0,0.0,0.0,0.0,0.0,0.0,0.0,0.0,0.0,0.0,0.0,0.0,0.0,0.0,0.0,0.0
302,maven,org.slf4j:jcl-over-slf4j,B,2.0.3,2,2022-09-28 12:19:26.000,2022,4.0,3.0,1.0,2.0,0.0,0.0,0.0,0.0,0.0,0.0,0.0,0.0,0.0,0.0,0.0,0.0,0.0,0.0,0.0
303,maven,org.slf4j:jcl104-over-slf4j,B,1.5.11,1,2010-02-25 12:51:42.000,2010,1.0,1.0,0.0,1.0,0.0,0.0,0.0,0.0,0.0,0.0,0.0,0.0,0.0,0.0,0.0,0.0,0.0,0.0,0.0
304,maven,org.slf4j:jul-to-slf4j,B,2.0.3,2,2022-09-28 12:19:46.000,2022,5.0,3.0,2.0,2.0,0.0,0.0,0.0,0.0,0.0,0.0,0.0,0.0,0.0,0.0,0.0,0.0,0.0,0.0,0.0
305,maven,org.slf4j:log4j-over-slf4j,B,2.0.3,2,2022-09-28 12:19:36.000,2022,4.0,3.0,1.0,2.0,0.0,0.0,0.0,0.0,0.0,0.0,0.0,0.0,0.0,0.0,0.0,0.0,0.0,0.0,0.0
306,maven,org.slf4j:slf4j-api,B,2.0.3,2,2022-09-28 12:18:09.000,2022,2.0,1.0,1.0,2.0,0.0,0.0,0.0,0.0,0.0,0.0,0.0,0.0,0.0,0.0,0.0,0.0,0.0,0.0,0.0
307,maven,org.slf4j:slf4j-log4j12,B,2.0.3,2,2022-09-28 12:18:56.000,2022,2.0,1.0,1.0,2.0,0.0,0.0,0.0,0.0,0.0,0.0,0.0,0.0,0.0,0.0,0.0,0.0,0.0,0.0,0.0
308,maven,org.slf4j:slf4j-simple,F,2.0.3,2,2022-09-28 12:18:21.000,2022,4.0,3.0,1.0,2.0,0.0,0.0,0.0,0.0,0.0,0.0,0.0,0.0,0.0,0.0,0.0,0.0,0.0,0.0,0.0
309,maven,org.springframework.boot:spring-boot,B,2.7.5,2,2022-10-20 15:26:18.000,2022,6.0,2.0,4.0,2.0,0.0,0.0,0.0,0.0,0.0,0.0,0.0,0.0,0.0,0.0,0.0,0.0,0.0,0.0,0.0
310,maven,org.springframework.boot:spring-boot-autoconfigure,B,2.7.5,2,2022-10-20 15:26:12.000,2022,7.0,1.0,6.0,3.0,0.0,0.0,0.0,0.0,0.0,0.0,0.0,0.0,0.0,0.0,0.0,0.0,0.0,0.0,0.0
311,maven,org.springframework.boot:spring-boot-starter,B,2.7.5,2,2022-10-20 15:26:19.000,2022,17.0,6.0,11.0,3.0,0.0,5.0,5.0,5.0,5.0,0.0,0.0,4.0,4.0,1.0,1.0,0.0,0.0,0.0,0.0
312,maven,org.springframework.boot:spring-boot-starter-data-redis,B,2.7.5,2,2022-10-20 15:26:31.000,2022,34.0,3.0,31.0,4.0,0.0,5.0,5.0,5.0,5.0,0.0,0.0,4.0,4.0,1.0,1.0,0.0,0.0,0.0,0.0
313,maven,org.springframework.boot:spring-boot-starter-logging,D,2.7.5,2,2022-10-20 15:26:32.000,2022,6.0,3.0,3.0,2.0,0.0,0.0,0.0,0.0,0.0,0.0,0.0,0.0,0.0,0.0,0.0,0.0,0.0,0.0,0.0
314,maven,org.springframework.boot:spring-boot-starter-test,B,2.7.5,2,2022-10-20 15:26:31.000,2022,45.0,14.0,31.0,4.0,0.0,5.0,5.0,5.0,5.0,0.0,0.0,4.0,4.0,1.0,1.0,0.0,0.0,0.0,0.0
315,maven,org.springframework.boot:spring-boot-starter-web,B,2.7.5,2,2022-10-20 15:26:27.000,2022,31.0,5.0,26.0,4.0,0.0,5.0,5.0,5.0,5.0,0.0,0.0,4.0,4.0,1.0,1.0,0.0,0.0,0.0,0.0
316,maven,org.springframework.boot:spring-boot-starter-web-services,B,2.7.5,2,2022-10-20 15:26:23.000,2022,42.0,5.0,37.0,5.0,0.0,5.0,5.0,5.0,5.0,0.0,0.0,4.0,4.0,1.0,1.0,0.0,0.0,0.0,0.0
317,maven,org.springframework.boot:spring-boot-test,B,2.7.5,2,2022-10-20 15:26:19.000,2022,7.0,1.0,6.0,3.0,0.0,0.0,0.0,0.0,0.0,0.0,0.0,0.0,0.0,0.0,0.0,0.0,0.0,0.0,0.0
318,maven,org.springframework.boot:spring-boot-test-autoconfigure,B,2.7.5,2,2022-10-20 15:26:32.000,2022,9.0,3.0,6.0,3.0,0.0,0.0,0.0,0.0,0.0,0.0,0.0,0.0,0.0,0.0,0.0,0.0,0.0,0.0,0.0
319,maven,org.springframework.data:spring-data-commons,B,2.7.5,2,2022-10-13 15:27:32.000,2022,121.0,64.0,57.0,4.0,0.0,4.0,3.0,4.0,3.0,1.0,1.0,2.0,1.0,1.0,1.0,0.0,0.0,0.0,0.0
320,maven,org.springframework.data:spring-data-keyvalue,B,2.7.5,2,2022-10-13 15:36:10.000,2022,43.0,17.0,26.0,4.0,0.0,1.0,0.0,1.0,0.0,0.0,0.0,1.0,0.0,0.0,0.0,0.0,0.0,0.0,0.0
321,maven,org.springframework.retry:spring-retry,D,1.3.4,1,2022-10-14 09:47:09.000,2022,18.0,11.0,7.0,2.0,0.0,5.0,5.0,5.0,5.0,0.0,0.0,4.0,4.0,0.0,0.0,1.0,1.0,0.0,0.0
322,maven,org.springframework.security:spring-security-config,B,5.7.4,5,2022-10-17 21:22:23.000,2022,8.0,5.0,3.0,2.0,0.0,0.0,0.0,0.0,0.0,0.0,0.0,0.0,0.0,0.0,0.0,0.0,0.0,0.0,0.0
323,maven,org.springframework:spring-aop,B,5.3.23,5,2022-09-15 10:39:22.000,2022,3.0,2.0,1.0,2.0,0.0,0.0,0.0,0.0,0.0,0.0,0.0,0.0,0.0,0.0,0.0,0.0,0.0,0.0,0.0
324,maven,org.springframework:spring-beans,B,5.3.23,5,2022-09-15 10:39:18.000,2022,2.0,1.0,1.0,2.0,0.0,0.0,0.0,0.0,0.0,0.0,0.0,0.0,0.0,0.0,0.0,0.0,0.0,0.0,0.0
325,maven,org.springframework:spring-context,B,5.3.23,5,2022-09-15 10:39:24.000,2022,5.0,4.0,1.0,2.0,0.0,0.0,0.0,0.0,0.0,0.0,0.0,0.0,0.0,0.0,0.0,0.0,0.0,0.0,0.0
326,maven,org.springframework:spring-core,B,5.3.23,5,2022-09-15 10:39:23.000,2022,1.0,1.0,0.0,1.0,0.0,0.0,0.0,0.0,0.0,0.0,0.0,0.0,0.0,0.0,0.0,0.0,0.0,0.0,0.0
327,maven,org.springframework:spring-expression,B,5.3.23,5,2022-09-15 10:39:24.000,2022,2.0,1.0,1.0,2.0,0.0,0.0,0.0,0.0,0.0,0.0,0.0,0.0,0.0,0.0,0.0,0.0,0.0,0.0,0.0
328,maven,org.springframework:spring-framework-bom,B,5.3.23,5,2022-09-15 10:39:21.000,2022,0.0,0.0,0.0,0.0,0.0,0.0,0.0,0.0,0.0,0.0,0.0,0.0,0.0,0.0,0.0,0.0,0.0,0.0,0.0
329,maven,org.springframework:spring-jcl,B,5.3.23,5,2022-09-15 10:39:18.000,2022,0.0,0.0,0.0,0.0,0.0,0.0,0.0,0.0,0.0,0.0,0.0,0.0,0.0,0.0,0.0,0.0,0.0,0.0,0.0
330,maven,org.springframework:spring-messaging,B,5.3.23,5,2022-09-15 10:39:21.000,2022,3.0,2.0,1.0,2.0,0.0,0.0,0.0,0.0,0.0,0.0,0.0,0.0,0.0,0.0,0.0,0.0,0.0,0.0,0.0
331,maven,org.springframework:spring-test,B,5.3.23,5,2022-09-15 10:39:20.000,2022,2.0,1.0,1.0,2.0,0.0,0.0,0.0,0.0,0.0,0.0,0.0,0.0,0.0,0.0,0.0,0.0,0.0,0.0,0.0
332,maven,org.springframework:spring-tx,H,5.3.23,5,2022-09-15 10:39:19.000,2022,3.0,2.0,1.0,2.0,0.0,0.0,0.0,0.0,0.0,0.0,0.0,0.0,0.0,0.0,0.0,0.0,0.0,0.0,0.0
333,maven,org.springframework:spring-web,B,5.3.23,5,2022-09-15 10:39:25.000,2022,3.0,2.0,1.0,2.0,0.0,0.0,0.0,0.0,0.0,0.0,0.0,0.0,0.0,0.0,0.0,0.0,0.0,0.0,0.0
334,maven,org.springframework:spring-webmvc,B,5.3.23,5,2022-09-15 10:39:22.000,2022,7.0,6.0,1.0,2.0,0.0,0.0,0.0,0.0,0.0,0.0,0.0,0.0,0.0,0.0,0.0,0.0,0.0,0.0,0.0
335,maven,org.xerial.snappy:snappy-java,D,1.1.8.4,1,2021-01-25 16:26:17.000,2021,,,,,0.0,,,,,,,,,,,,,,
336,maven,org.xmlunit:xmlunit-core,B,2.9.0,2,2022-01-25 18:12:41.000,2022,13.0,6.0,7.0,2.0,0.0,0.0,0.0,0.0,0.0,0.0,0.0,0.0,0.0,0.0,0.0,0.0,0.0,0.0,0.0
337,maven,org.yaml:snakeyaml,B,1.33,1,2022-09-26 08:52:45.000,2022,7.0,4.0,3.0,2.0,0.0,0.0,0.0,0.0,0.0,0.0,0.0,0.0,0.0,0.0,0.0,0.0,0.0,0.0,0.0
338,maven,oro:oro,D,2.0.8,2,2005-11-08 23:29:01.000,2005,0.0,0.0,0.0,0.0,0.0,0.0,0.0,0.0,0.0,0.0,0.0,0.0,0.0,0.0,0.0,0.0,0.0,0.0,0.0
339,maven,pull-parser:pull-parser,D,2.1.10,2,2005-11-08 23:21:21.000,2005,0.0,0.0,0.0,0.0,0.0,0.0,0.0,0.0,0.0,0.0,0.0,0.0,0.0,0.0,0.0,0.0,0.0,0.0,0.0
340,maven,ru.yandex.qatools.allure:allure-report-plugin-api,B,1.5.4,1,2017-05-29 20:03:01.000,2017,8.0,2.0,6.0,2.0,0.0,0.0,0.0,2.0,2.0,1.0,1.0,1.0,1.0,0.0,0.0,0.0,0.0,0.0,0.0
341,maven,ru.yandex.qatools.clay:clay-maven-settings-builder,B,2.5,2,2015-04-30 18:50:35.000,2015,12.0,5.0,7.0,3.0,0.0,0.0,0.0,3.0,1.0,0.0,0.0,2.0,0.0,0.0,0.0,1.0,1.0,0.0,0.0
342,maven,saxpath:saxpath,D,1.0-FCS,1,2005-11-08 23:17:41.000,2005,0.0,0.0,0.0,0.0,0.0,0.0,0.0,0.0,0.0,0.0,0.0,0.0,0.0,0.0,0.0,0.0,0.0,0.0,0.0
343,maven,software.amazon.ion:ion-java,B,1.5.1,1,2019-09-25 23:17:57.000,2019,2.0,1.0,1.0,2.0,0.0,0.0,0.0,1.0,0.0,0.0,0.0,1.0,0.0,0.0,0.0,0.0,0.0,0.0,0.0
344,maven,stax:stax,D,1.2.0,1,2007-01-01 18:43:13.000,2007,,,,,0.0,,,,,,,,,,,,,,
345,maven,stax:stax-api,D,1.0.1,1,2006-08-31 19:39:14.000,2006,0.0,0.0,0.0,0.0,0.0,0.0,0.0,0.0,0.0,0.0,0.0,0.0,0.0,0.0,0.0,0.0,0.0,0.0,0.0
346,maven,urbanophile:java-getopt,D,1.0.9,1,2005-11-08 22:52:59.000,2005,0.0,0.0,0.0,0.0,0.0,0.0,0.0,0.0,0.0,0.0,0.0,0.0,0.0,0.0,0.0,0.0,0.0,0.0,0.0
347,maven,xalan:serializer,D,2.7.2,2,2014-07-24 20:44:54.000,2014,2.0,2.0,0.0,1.0,0.0,2.0,2.0,5.0,5.0,0.0,0.0,3.0,3.0,2.0,2.0,0.0,0.0,0.0,0.0
348,maven,xalan:xalan,D,2.7.2,2,2014-07-24 20:48:30.000,2014,3.0,2.0,1.0,2.0,1.0,2.0,2.0,5.0,5.0,0.0,0.0,3.0,3.0,2.0,2.0,0.0,0.0,0.0,0.0
349,maven,xerces:xercesimpl,B,2.12.2,2,2022-01-27 11:18:24.000,2022,2.0,2.0,0.0,1.0,0.0,0.0,0.0,0.0,0.0,0.0,0.0,0.0,0.0,0.0,0.0,0.0,0.0,0.0,0.0
350,maven,xml-apis:xml-apis,B,1.4.01,1,2011-08-20 02:11:11.000,2011,0.0,0.0,0.0,0.0,0.0,0.0,0.0,0.0,0.0,0.0,0.0,0.0,0.0,0.0,0.0,0.0,0.0,0.0,0.0
351,maven,xml-resolver:xml-resolver,D,1.2,1,2016-01-02 03:41:33.000,2016,0.0,0.0,0.0,0.0,0.0,0.0,0.0,0.0,0.0,0.0,0.0,0.0,0.0,0.0,0.0,0.0,0.0,0.0,0.0
352,maven,xmlpull:xmlpull,F,1.1.3.1,1,2007-03-20 01:18:31.000,2007,0.0,0.0,0.0,0.0,0.0,0.0,0.0,0.0,0.0,0.0,0.0,0.0,0.0,0.0,0.0,0.0,0.0,0.0,0.0
353,maven,xom:xom,D,1.3.8,1,2022-09-11 19:51:16.000,2022,4.0,2.0,2.0,2.0,0.0,6.0,6.0,6.0,6.0,0.0,0.0,3.0,3.0,3.0,3.0,0.0,0.0,0.0,0.0
354,maven,xpp3:xpp3,D,1.1.4c,1,2007-12-01 10:05:06.000,2007,0.0,0.0,0.0,0.0,0.0,0.0,0.0,0.0,0.0,0.0,0.0,0.0,0.0,0.0,0.0,0.0,0.0,0.0,0.0
355,maven,xpp3:xpp3_min,H,1.1.4c,1,2007-12-01 10:06:42.000,2007,0.0,0.0,0.0,0.0,0.0,0.0,0.0,0.0,0.0,0.0,0.0,0.0,0.0,0.0,0.0,0.0,0.0,0.0,0.0
